zoneid,userid,latitude,longitude,timestamp,time_of_day,day_of_week,speed,weather_conditions,frequency_crossing,zoneradius,behaviour
418,2,39.9913,-75.2076,2025-10-21 11:31:43.849,evening,Saturday,30,Clear,7,500,normal
258,12,39.9745,-75.1812,2024-12-06 02:39:37.030,afternoon,Friday,78,Clear,11,500,anomalous
254,18,39.9879,-75.1341,2025-07-21 17:24:23.228,morning,Wednesday,53,Cloudy,10,300,normal
62,2,39.9346,-75.2037,2024-12-15 13:56:36.459,evening,Wednesday,43,Cloudy,7,750,normal
454,16,39.939,-75.1927,2024-12-19 16:52:11.911,morning,Saturday,73,Rain,22,750,anomalous
457,18,39.9967,-75.1603,2025-09-14 19:51:57.413,afternoon,Saturday,51,Cloudy,8,500,normal
903,18,39.9516,-75.1846,2024-11-10 11:55:53.265,night,Thursday,37,Clear,9,300,normal
885,15,39.9421,-75.1964,2025-03-13 19:59:27.181,evening,Sunday,47,Clear,10,500,normal
192,7,39.9637,-75.1758,2025-04-27 15:02:01.588,morning,Sunday,67,Clear,21,750,anomalous
992,14,39.9732,-75.1335,2025-10-05 00:44:36.874,evening,Saturday,26,Cloudy,2,200,normal
928,17,39.9923,-75.1897,2024-12-26 21:48:14.753,afternoon,Thursday,44,Clear,5,200,normal
815,9,39.9266,-75.2062,2024-11-09 22:06:20.493,night,Saturday,20,Snow,3,750,normal
357,6,39.9688,-75.154,2025-01-03 22:17:49.085,evening,Wednesday,27,Snow,4,200,normal
979,15,39.9291,-75.2006,2025-10-28 04:23:08.730,evening,Wednesday,54,Clear,5,100,normal
144,15,39.9911,-75.1241,2025-10-03 08:31:20.093,afternoon,Thursday,26,Clear,4,200,normal
478,1,39.9756,-75.1409,2025-10-16 01:48:15.380,afternoon,Wednesday,36,Clear,6,300,normal
828,6,39.9619,-75.213,2025-05-19 10:00:05.034,afternoon,Saturday,44,Clear,4,300,normal
394,19,39.9756,-75.2016,2025-01-27 07:51:17.095,night,Wednesday,27,Rain,2,300,normal
149,7,39.9554,-75.1382,2025-01-13 15:30:22.281,morning,Thursday,28,Fog,20,300,normal
414,18,39.9048,-75.1814,2024-11-19 20:56:08.997,afternoon,Wednesday,28,Clear,4,300,normal
315,19,39.9854,-75.1593,2025-09-28 18:07:02.663,evening,Wednesday,105,Clear,24,500,anomalous
182,8,39.9921,-75.1936,2024-12-15 00:56:10.194,night,Saturday,44,Cloudy,4,100,normal
332,1,39.9931,-75.1694,2025-10-11 10:40:34.993,afternoon,Wednesday,24,Snow,3,300,normal
721,18,39.9883,-75.1881,2025-05-25 16:57:50.093,morning,Monday,52,Cloudy,1,200,normal
715,4,39.986,-75.1159,2025-03-24 00:12:09.894,morning,Monday,36,Rain,4,300,normal
740,5,39.9763,-75.1368,2025-10-11 03:01:21.574,night,Tuesday,15,Fog,5,200,normal
607,1,39.9041,-75.2102,2025-10-13 19:20:46.807,night,Friday,29,Clear,7,500,normal
622,11,39.9328,-75.1922,2025-03-13 15:42:50.300,afternoon,Saturday,28,Fog,6,100,normal
670,0,39.9566,-75.1921,2025-10-21 00:05:19.270,afternoon,Monday,70,Rain,14,200,anomalous
187,2,39.9909,-75.1506,2025-08-28 06:10:08.392,morning,Tuesday,104,Clear,15,200,anomalous
535,15,39.9242,-75.1673,2025-01-24 19:30:58.769,evening,Tuesday,52,Cloudy,10,100,normal
115,12,40.0,-75.2009,2025-02-21 17:10:59.334,night,Friday,12,Snow,7,500,normal
7,19,39.9071,-75.1545,2025-05-24 15:07:40.269,morning,Tuesday,21,Fog,1,750,normal
905,17,39.9282,-75.1483,2025-03-26 02:52:16.963,night,Tuesday,39,Cloudy,5,500,normal
379,2,39.9867,-75.1676,2025-07-17 17:45:04.647,afternoon,Tuesday,20,Rain,8,100,normal
443,1,39.9568,-75.1747,2025-07-29 14:40:43.674,afternoon,Sunday,38,Fog,4,100,normal
732,7,39.9467,-75.1795,2025-02-11 01:27:51.949,evening,Saturday,37,Clear,3,300,normal
701,0,39.9227,-75.1303,2025-10-23 21:32:47.195,morning,Monday,32,Clear,10,300,normal
12,11,39.9237,-75.1689,2025-02-25 12:02:57.651,afternoon,Sunday,42,Cloudy,9,750,normal
788,8,39.903,-75.1854,2025-04-05 18:54:33.408,afternoon,Saturday,71,Clear,11,100,anomalous
978,2,39.9607,-75.1323,2025-02-06 17:13:27.213,evening,Tuesday,41,Clear,5,200,normal
631,3,39.9625,-75.1974,2025-07-08 20:52:21.095,night,Monday,67,Rain,20,750,anomalous
244,18,39.9446,-75.1809,2025-04-01 00:19:52.530,morning,Monday,23,Snow,7,500,normal
574,13,39.9808,-75.1162,2025-01-13 02:40:46.842,morning,Wednesday,116,Cloudy,19,200,anomalous
353,9,39.9551,-75.2028,2025-02-11 08:48:42.946,afternoon,Thursday,62,Fog,15,100,anomalous
635,7,39.9465,-75.1587,2025-03-21 05:22:11.832,afternoon,Thursday,48,Clear,9,200,normal
109,13,39.9139,-75.1819,2025-04-08 22:21:27.768,afternoon,Thursday,30,Cloudy,1,750,normal
776,17,39.9079,-75.206,2025-01-06 14:02:24.907,evening,Friday,50,Cloudy,6,500,normal
673,19,39.9622,-75.1537,2025-01-20 15:36:48.533,afternoon,Tuesday,101,Clear,15,200,normal
940,4,39.9656,-75.1614,2025-06-06 13:03:45.748,night,Sunday,34,Clear,2,750,normal
365,5,39.9557,-75.1679,2025-02-14 05:51:22.012,night,Saturday,22,Rain,10,200,normal
887,4,39.9421,-75.1417,2025-10-30 10:00:06.706,afternoon,Tuesday,33,Clear,4,500,normal
977,18,39.9439,-75.1682,2025-10-28 07:52:30.729,evening,Saturday,54,Clear,7,100,normal
161,1,39.9498,-75.1228,2025-10-20 00:03:12.757,evening,Sunday,49,Clear,10,200,normal
484,8,39.962,-75.1494,2025-06-25 20:53:02.287,morning,Sunday,95,Rain,16,200,anomalous
400,17,39.9587,-75.1916,2025-08-02 19:58:04.598,afternoon,Tuesday,55,Cloudy,2,500,normal
717,13,39.9928,-75.1804,2025-10-06 04:58:31.924,night,Friday,27,Rain,3,200,normal
864,11,39.9784,-75.1343,2025-05-01 05:13:27.130,evening,Tuesday,47,Rain,13,500,normal
482,7,39.9188,-75.12,2025-03-19 09:02:23.073,morning,Wednesday,41,Cloudy,10,200,normal
92,14,39.9976,-75.1323,2025-04-21 00:41:26.922,evening,Tuesday,89,Clear,15,500,normal
321,11,39.9793,-75.1588,2025-02-04 17:25:32.168,afternoon,Tuesday,59,Rain,6,500,normal
448,7,39.9552,-75.1185,2025-05-05 14:39:13.842,morning,Wednesday,94,Fog,5,300,normal
176,6,39.9174,-75.2055,2025-10-19 12:30:45.710,afternoon,Tuesday,42,Clear,10,100,normal
714,5,39.9544,-75.1653,2025-07-23 03:58:24.786,morning,Monday,36,Clear,6,500,normal
477,9,39.9104,-75.166,2025-09-19 17:43:37.601,afternoon,Wednesday,41,Cloudy,7,300,normal
917,11,39.9907,-75.1891,2025-07-03 00:15:47.076,night,Monday,28,Clear,3,750,normal
508,6,39.9899,-75.1278,2025-07-17 23:31:16.831,morning,Wednesday,98,Cloudy,5,100,normal
82,17,39.9462,-75.1443,2024-12-21 18:45:00.073,evening,Wednesday,77,Fog,14,750,anomalous
692,11,39.9583,-75.1733,2025-03-06 10:24:15.566,evening,Tuesday,87,Clear,11,300,normal
549,13,39.971,-75.145,2025-03-17 15:23:32.100,afternoon,Sunday,30,Rain,4,750,normal
52,2,39.9208,-75.1484,2025-01-21 16:12:05.011,night,Monday,34,Clear,3,200,normal
933,10,39.9771,-75.1808,2025-03-18 02:56:32.837,evening,Thursday,62,Clear,22,750,anomalous
442,9,39.9329,-75.1564,2025-06-12 11:32:18.692,evening,Thursday,37,Clear,10,300,normal
29,4,39.9435,-75.1473,2025-01-05 10:54:09.233,evening,Saturday,38,Cloudy,3,750,normal
141,14,39.9745,-75.1318,2025-04-27 04:17:25.857,night,Saturday,29,Fog,6,750,normal
825,5,39.9853,-75.1832,2024-11-24 19:34:09.523,night,Tuesday,28,Rain,6,200,normal
602,5,39.966,-75.1444,2025-05-09 12:36:39.241,afternoon,Thursday,102,Fog,24,750,anomalous
432,19,39.9669,-75.1168,2025-04-15 10:33:40.369,night,Sunday,24,Clear,2,750,normal
730,6,39.9218,-75.2111,2025-01-17 09:45:28.365,morning,Thursday,19,Rain,10,100,normal
450,16,39.9714,-75.1868,2025-02-11 06:03:53.768,morning,Thursday,53,Clear,7,100,normal
214,15,39.9603,-75.2067,2025-07-27 20:14:45.135,evening,Saturday,52,Cloudy,1,750,normal
709,2,39.9272,-75.1359,2025-09-23 00:44:24.020,night,Tuesday,45,Cloudy,20,500,normal
748,19,39.9905,-75.1869,2025-08-07 19:53:18.062,night,Wednesday,27,Rain,1,100,normal
556,11,39.9808,-75.2115,2025-03-05 03:34:12.100,afternoon,Wednesday,43,Clear,1,200,normal
660,12,39.9688,-75.1686,2025-09-08 07:13:55.843,afternoon,Wednesday,33,Clear,5,300,normal
231,18,39.9499,-75.1518,2024-11-02 09:28:05.587,morning,Wednesday,49,Clear,6,750,normal
837,2,39.9352,-75.1831,2025-05-09 16:19:18.096,night,Friday,35,Clear,1,100,normal
770,14,39.9633,-75.1961,2025-04-20 10:59:53.301,afternoon,Tuesday,29,Rain,4,200,normal
682,11,39.9163,-75.1438,2025-09-25 13:26:26.536,morning,Tuesday,27,Rain,7,300,normal
554,16,39.9681,-75.1955,2024-12-22 03:26:51.102,night,Friday,29,Fog,9,300,normal
401,13,39.9359,-75.2087,2024-12-27 14:13:55.422,morning,Tuesday,26,Cloudy,10,750,normal
307,9,39.9186,-75.2112,2025-01-23 20:58:33.145,evening,Monday,35,Cloudy,9,200,normal
437,4,39.9206,-75.1269,2025-03-27 00:37:13.974,night,Monday,20,Rain,7,100,normal
991,7,39.934,-75.1683,2025-09-04 21:53:41.391,evening,Wednesday,52,Cloudy,10,100,normal
392,6,39.9366,-75.2049,2025-01-11 09:11:12.717,afternoon,Monday,25,Fog,9,100,normal
276,11,39.9963,-75.1432,2025-02-21 19:08:45.272,night,Thursday,67,Rain,17,200,normal
713,5,39.9791,-75.1945,2025-04-28 02:03:34.669,afternoon,Tuesday,38,Fog,6,750,normal
768,13,39.9909,-75.1917,2025-01-21 23:43:30.678,morning,Sunday,71,Clear,2,300,normal
726,10,39.9265,-75.1508,2025-02-02 17:11:16.287,morning,Thursday,44,Clear,6,200,normal
543,7,39.9461,-75.1766,2025-08-21 17:54:53.549,afternoon,Thursday,49,Clear,7,100,normal
605,18,39.9918,-75.1317,2025-05-02 12:58:25.830,evening,Thursday,61,Clear,18,750,anomalous
243,2,39.9682,-75.1568,2025-09-22 23:38:28.155,evening,Friday,47,Cloudy,5,100,normal
264,10,39.9293,-75.2058,2025-09-09 04:54:14.131,afternoon,Monday,60,Rain,23,100,anomalous
121,17,39.9597,-75.12,2024-11-20 23:37:58.255,evening,Saturday,30,Cloudy,2,750,normal
745,14,39.9315,-75.1627,2024-12-22 17:51:28.538,afternoon,Friday,52,Clear,2,500,normal
80,1,39.9084,-75.119,2025-04-19 16:46:02.955,evening,Wednesday,54,Cloudy,7,750,normal
333,0,39.952,-75.1271,2025-05-04 19:43:17.917,afternoon,Friday,26,Fog,3,200,normal
952,1,39.9708,-75.1501,2025-02-09 05:07:48.538,morning,Friday,51,Clear,2,200,normal
646,1,39.9457,-75.1969,2025-05-24 07:26:49.829,night,Thursday,28,Cloudy,2,300,normal
563,10,39.998,-75.2039,2025-08-26 02:24:19.729,afternoon,Sunday,35,Rain,8,100,normal
299,8,39.9129,-75.179,2024-12-05 09:29:35.325,evening,Sunday,22,Rain,6,750,normal
143,3,39.993,-75.1641,2025-05-05 21:33:45.869,morning,Sunday,54,Clear,8,500,normal
612,11,39.9193,-75.1435,2025-04-21 07:21:41.429,morning,Tuesday,36,Clear,7,200,normal
171,16,39.9491,-75.193,2025-02-13 23:46:16.235,evening,Friday,21,Rain,10,500,normal
329,16,39.95,-75.1432,2025-03-03 06:07:55.873,morning,Tuesday,94,Snow,22,300,anomalous
767,10,39.9969,-75.1745,2025-06-30 12:19:19.191,evening,Thursday,69,Clear,2,200,normal
78,4,39.9276,-75.1716,2025-09-07 00:52:44.692,night,Monday,36,Clear,4,750,normal
10,19,39.994,-75.2066,2025-06-22 23:22:32.719,afternoon,Wednesday,46,Cloudy,1,750,normal
956,19,39.978,-75.2013,2025-05-26 07:55:00.350,morning,Monday,50,Clear,8,300,normal
349,12,39.9917,-75.183,2025-04-23 05:14:30.855,evening,Wednesday,19,Fog,5,200,normal
629,1,39.9914,-75.1813,2024-11-28 12:19:03.722,morning,Saturday,50,Cloudy,5,100,normal
341,11,39.9446,-75.1476,2025-04-22 18:47:15.243,night,Thursday,25,Clear,7,300,normal
662,3,39.9385,-75.2068,2025-03-22 22:27:35.412,afternoon,Thursday,98,Rain,17,750,anomalous
489,8,39.9174,-75.1713,2025-07-25 11:39:12.117,evening,Monday,43,Clear,4,200,normal
620,11,39.9799,-75.1766,2025-01-21 15:56:12.202,morning,Wednesday,26,Snow,4,500,normal
273,12,39.9371,-75.1524,2025-02-20 11:02:25.271,morning,Saturday,51,Clear,2,100,normal
314,7,39.9728,-75.1203,2025-07-20 21:44:44.274,afternoon,Tuesday,42,Cloudy,2,100,normal
116,15,39.934,-75.1519,2024-12-26 02:08:59.485,evening,Friday,44,Cloudy,1,500,normal
195,17,39.9202,-75.1321,2025-10-26 14:52:33.021,night,Friday,49,Cloudy,2,300,normal
754,3,39.9162,-75.1505,2025-10-06 22:43:42.684,night,Wednesday,110,Cloudy,15,300,anomalous
675,10,39.9473,-75.1665,2025-04-14 07:46:24.175,evening,Saturday,63,Clear,11,500,anomalous
130,12,39.9786,-75.214,2025-03-29 19:00:06.816,morning,Thursday,47,Clear,5,200,normal
881,8,39.954,-75.1979,2024-12-17 23:57:26.951,afternoon,Saturday,27,Clear,7,500,normal
584,0,39.9876,-75.1332,2025-03-07 14:02:19.653,night,Tuesday,32,Clear,10,750,normal
129,14,39.9955,-75.1353,2025-03-25 04:14:18.721,afternoon,Thursday,27,Clear,8,200,normal
234,7,39.9524,-75.1628,2025-03-26 01:43:50.661,evening,Saturday,108,Clear,18,500,anomalous
433,17,39.962,-75.145,2025-03-29 01:37:10.211,evening,Thursday,96,Clear,16,200,anomalous
803,5,39.9962,-75.1974,2025-08-20 13:18:58.878,evening,Monday,69,Clear,8,300,normal
385,19,39.9698,-75.1586,2025-02-19 02:57:08.813,night,Thursday,49,Cloudy,11,200,normal
816,10,39.989,-75.1556,2024-12-01 05:30:22.933,afternoon,Saturday,72,Clear,22,100,anomalous
653,7,39.9416,-75.1765,2025-08-17 15:03:30.363,afternoon,Thursday,30,Rain,8,200,normal
513,10,39.9243,-75.1379,2025-02-05 20:40:36.453,afternoon,Sunday,48,Cloudy,5,500,normal
306,11,39.9139,-75.1636,2025-10-21 00:05:37.134,morning,Saturday,49,Cloudy,2,100,normal
266,8,39.9256,-75.189,2025-01-28 01:38:56.132,evening,Sunday,42,Clear,10,200,normal
924,13,39.9964,-75.2022,2025-05-12 20:02:32.517,night,Thursday,27,Cloudy,8,100,normal
773,17,39.9437,-75.1158,2024-12-18 05:26:47.997,night,Thursday,41,Cloudy,5,100,normal
720,6,39.9218,-75.1781,2025-08-28 10:14:51.038,evening,Wednesday,49,Clear,1,200,normal
464,0,39.9258,-75.1219,2025-10-18 06:59:13.696,afternoon,Thursday,30,Cloudy,7,500,normal
96,12,39.9512,-75.165,2025-08-19 09:30:47.409,evening,Monday,39,Clear,8,500,normal
883,13,39.9722,-75.1531,2025-03-20 19:39:53.694,morning,Friday,119,Cloudy,20,300,normal
766,13,39.9505,-75.1603,2025-05-23 23:50:46.993,afternoon,Wednesday,36,Cloudy,1,200,normal
494,13,39.9058,-75.212,2025-04-13 00:07:38.986,afternoon,Saturday,51,Cloudy,9,100,normal
572,0,39.9443,-75.1269,2024-11-26 01:22:35.113,evening,Thursday,91,Cloudy,10,750,normal
532,9,39.9631,-75.2136,2024-12-24 03:42:41.911,evening,Monday,26,Rain,4,750,normal
18,1,39.9745,-75.191,2025-10-27 02:04:59.765,morning,Wednesday,26,Clear,2,200,normal
90,6,39.9291,-75.1307,2025-07-21 17:19:31.548,evening,Sunday,86,Clear,20,200,normal
356,19,39.9898,-75.1363,2025-08-02 18:26:17.565,night,Tuesday,39,Clear,3,500,normal
716,4,39.9622,-75.1207,2025-10-20 08:26:15.864,morning,Monday,28,Rain,8,500,normal
232,10,39.9633,-75.1625,2025-03-23 04:34:02.283,afternoon,Wednesday,43,Cloudy,2,100,normal
893,14,39.9165,-75.1826,2025-09-22 03:38:13.266,afternoon,Sunday,66,Clear,15,100,normal
921,5,39.9034,-75.1749,2025-01-15 07:12:14.675,night,Monday,70,Rain,11,300,anomalous
224,0,39.9888,-75.177,2025-09-30 17:11:32.017,night,Monday,36,Clear,10,200,normal
256,19,39.9645,-75.214,2025-03-29 11:50:44.095,morning,Saturday,21,Rain,3,200,normal
544,0,39.9547,-75.1884,2025-10-21 17:55:52.627,evening,Thursday,78,Cloudy,8,300,normal
331,13,39.9506,-75.1388,2025-04-27 09:25:00.519,night,Friday,30,Rain,4,500,normal
858,12,39.9146,-75.1505,2024-11-10 20:21:51.192,afternoon,Tuesday,14,Snow,6,750,normal
467,11,39.9955,-75.1417,2025-07-23 15:23:37.616,evening,Sunday,68,Rain,22,750,anomalous
48,15,39.9196,-75.177,2025-09-11 18:43:09.606,evening,Sunday,63,Clear,14,500,anomalous
904,1,39.9672,-75.1412,2025-02-15 09:53:34.278,morning,Thursday,33,Cloudy,5,500,normal
755,1,39.9559,-75.1693,2025-08-30 14:20:49.114,morning,Tuesday,59,Rain,17,500,normal
860,16,39.9681,-75.1753,2025-07-02 03:44:46.527,evening,Thursday,26,Snow,7,100,normal
889,15,39.9759,-75.1344,2025-10-12 08:04:12.460,morning,Friday,29,Clear,1,100,normal
312,8,39.9374,-75.2053,2025-08-03 14:40:43.372,night,Tuesday,21,Cloudy,5,500,normal
501,19,39.9912,-75.1559,2024-11-25 06:32:20.783,evening,Tuesday,35,Fog,2,200,normal
216,0,39.9908,-75.2069,2025-05-04 22:17:28.086,evening,Saturday,43,Cloudy,6,200,normal
856,9,39.9609,-75.1446,2025-04-17 10:44:07.938,afternoon,Friday,100,Cloudy,20,200,anomalous
598,6,39.9466,-75.212,2024-11-26 03:28:42.663,night,Thursday,40,Cloudy,1,200,normal
503,7,39.9854,-75.1809,2025-10-07 23:38:41.569,night,Monday,109,Clear,20,300,anomalous
955,16,39.9536,-75.2031,2024-11-08 04:52:37.499,night,Saturday,21,Clear,3,100,normal
283,4,39.9375,-75.2025,2025-09-14 06:24:34.459,afternoon,Tuesday,32,Rain,20,500,normal
877,9,39.9051,-75.1596,2025-06-19 15:42:12.230,evening,Saturday,34,Rain,10,500,normal
370,8,39.9234,-75.1635,2025-01-20 22:24:24.687,night,Wednesday,21,Cloudy,5,750,normal
628,14,39.9195,-75.1874,2025-10-29 04:26:40.090,evening,Monday,46,Cloudy,2,100,normal
806,17,39.9853,-75.2126,2025-05-03 10:26:49.804,evening,Wednesday,26,Rain,9,300,normal
504,17,39.9528,-75.1544,2025-07-18 16:34:04.794,morning,Monday,32,Fog,2,750,normal
812,5,39.9635,-75.1832,2025-10-25 04:07:10.041,evening,Saturday,108,Rain,19,750,anomalous
621,8,39.9932,-75.1262,2025-07-20 05:47:30.967,night,Sunday,24,Clear,5,750,normal
738,17,39.9331,-75.1443,2025-04-10 02:49:26.301,morning,Saturday,74,Clear,21,750,anomalous
97,5,39.9893,-75.1433,2024-12-15 04:16:40.659,night,Saturday,37,Cloudy,8,500,normal
585,4,39.9674,-75.1355,2025-05-16 00:01:19.102,night,Wednesday,28,Fog,8,750,normal
553,18,39.9323,-75.1669,2025-08-22 04:19:54.429,evening,Tuesday,120,Clear,17,750,normal
160,2,39.9704,-75.1626,2025-09-12 22:40:17.488,night,Sunday,39,Clear,7,200,normal
711,13,39.9254,-75.157,2025-09-21 18:48:37.229,morning,Monday,30,Fog,7,200,normal
789,2,39.9669,-75.1362,2025-06-17 10:15:42.251,night,Monday,16,Rain,8,300,normal
40,7,39.9645,-75.1357,2025-06-17 01:28:35.607,night,Monday,105,Clear,23,750,anomalous
947,0,39.9663,-75.2146,2025-03-05 20:37:41.311,afternoon,Sunday,68,Cloudy,20,200,normal
980,3,39.9124,-75.1699,2025-06-23 09:49:35.703,morning,Sunday,27,Rain,5,750,normal
838,1,39.929,-75.2095,2025-07-31 08:05:45.273,night,Friday,105,Cloudy,20,200,anomalous
769,16,39.9402,-75.2083,2025-02-13 19:19:51.632,morning,Saturday,41,Cloudy,5,750,normal
236,16,39.9662,-75.1881,2025-08-10 10:45:44.480,morning,Monday,37,Rain,1,100,normal
