zoneid,userid,latitude,longitude,timestamp,time_of_day,day_of_week,speed,weather_conditions,frequency_crossing,zoneradius,behaviour
0,17,39.9662,-75.1861,2025-01-21 10:11:02.414,afternoon,Friday,73,Cloudy,9,500,normal
1,7,39.9494,-75.1669,2025-04-05 22:54:47.381,night,Saturday,24,Cloudy,4,100,normal
2,6,39.9741,-75.1821,2025-08-05 10:46:40.536,morning,Friday,77,Clear,17,100,anomalous
3,4,39.9218,-75.1581,2024-11-22 20:18:56.572,night,Saturday,31,Clear,5,300,normal
4,12,39.9337,-75.1786,2025-04-18 06:02:29.599,afternoon,Saturday,117,Rain,10,100,anomalous
5,16,39.9735,-75.1259,2025-08-28 02:14:09.457,night,Wednesday,21,Rain,3,750,normal
6,4,39.9749,-75.1181,2025-07-19 10:10:46.977,evening,Friday,26,Clear,10,100,normal
7,19,39.9071,-75.1545,2025-05-24 15:07:40.269,morning,Tuesday,21,Fog,1,750,normal
8,6,39.9824,-75.142,2025-04-26 15:47:18.846,evening,Saturday,52,Cloudy,11,750,normal
9,5,39.9526,-75.1521,2025-07-17 18:01:37.322,morning,Thursday,26,Fog,5,500,normal
10,19,39.994,-75.2066,2025-06-22 23:22:32.719,afternoon,Wednesday,46,Cloudy,1,750,normal
11,2,39.9336,-75.1722,2025-09-24 02:45:33.440,night,Saturday,111,Clear,12,200,anomalous
12,11,39.9237,-75.1689,2025-02-25 12:02:57.651,afternoon,Sunday,42,Cloudy,9,750,normal
13,7,39.9404,-75.1741,2025-09-28 22:54:35.120,morning,Sunday,42,Cloudy,6,100,normal
14,12,39.9475,-75.1909,2025-04-02 03:50:15.887,afternoon,Friday,33,Clear,9,200,normal
15,13,39.9634,-75.1394,2025-05-23 14:11:52.060,afternoon,Tuesday,34,Cloudy,8,300,normal
16,19,39.9356,-75.1201,2025-08-30 14:57:52.714,night,Thursday,18,Snow,3,750,normal
17,11,39.9976,-75.1902,2025-05-04 10:20:08.490,afternoon,Wednesday,49,Clear,5,750,normal
18,1,39.9745,-75.191,2025-10-27 02:04:59.765,morning,Wednesday,26,Clear,2,200,normal
19,5,40.0011,-75.1804,2025-03-02 13:36:58.569,morning,Wednesday,40,Clear,1,200,normal
20,2,39.976,-75.17,2025-01-01 04:49:47.889,night,Thursday,63,Clear,13,300,anomalous
21,14,39.9435,-75.1927,2024-12-22 03:20:21.194,night,Friday,24,Cloudy,6,100,normal
22,9,39.9466,-75.1912,2025-07-31 14:01:32.191,night,Saturday,31,Clear,9,100,normal
23,15,39.9982,-75.1185,2025-10-06 02:05:36.379,evening,Friday,34,Cloudy,2,300,normal
24,12,39.9346,-75.1284,2025-06-21 23:45:45.217,night,Tuesday,35,Clear,9,100,normal
25,5,39.9699,-75.1188,2024-11-13 12:32:58.628,morning,Wednesday,27,Snow,5,300,normal
26,18,39.9166,-75.1443,2025-09-02 13:25:32.937,afternoon,Sunday,32,Clear,3,300,normal
27,4,39.9877,-75.1192,2025-09-09 22:32:14.602,night,Tuesday,79,Cloudy,12,200,anomalous
28,10,39.9836,-75.1365,2025-01-02 17:16:31.628,evening,Tuesday,74,Clear,20,300,normal
29,4,39.9435,-75.1473,2025-01-05 10:54:09.233,evening,Saturday,38,Cloudy,3,750,normal
30,3,40.0017,-75.1918,2025-06-21 00:44:45.622,afternoon,Thursday,33,Cloudy,7,200,normal
31,10,39.9728,-75.1899,2025-01-28 20:11:31.503,morning,Thursday,20,Fog,4,750,normal
32,8,39.9559,-75.1603,2025-09-26 21:27:00.066,morning,Friday,37,Clear,4,100,normal
33,0,39.9814,-75.1309,2024-12-09 06:27:26.659,afternoon,Monday,117,Clear,19,300,anomalous
34,5,39.9366,-75.1911,2025-10-15 05:49:03.771,afternoon,Thursday,30,Rain,6,200,normal
35,19,39.9711,-75.1539,2025-04-17 02:28:33.450,morning,Wednesday,37,Clear,2,100,normal
36,7,39.9781,-75.1541,2025-01-28 11:22:07.048,evening,Friday,111,Clear,10,100,normal
37,17,39.9879,-75.1755,2025-07-02 01:30:53.906,night,Tuesday,41,Cloudy,9,100,normal
38,13,39.9278,-75.1166,2025-09-02 02:33:18.660,evening,Saturday,52,Clear,5,750,normal
39,8,39.9294,-75.1342,2025-08-19 07:28:16.689,afternoon,Tuesday,37,Clear,4,750,normal
40,7,39.9645,-75.1357,2025-06-17 01:28:35.607,night,Monday,105,Clear,23,750,anomalous
41,16,39.9504,-75.1969,2025-09-23 17:20:05.430,night,Friday,24,Cloudy,4,200,normal
42,5,39.9105,-75.1638,2025-02-25 14:02:18.925,morning,Tuesday,92,Cloudy,2,300,normal
43,7,39.9787,-75.2085,2025-09-07 08:57:01.930,morning,Sunday,24,Rain,9,100,normal
44,6,39.9948,-75.1609,2025-01-05 11:20:52.556,morning,Thursday,53,Clear,20,200,normal
45,9,39.9756,-75.1935,2025-08-11 14:36:39.434,night,Monday,23,Clear,2,500,normal
46,4,39.9485,-75.1202,2024-12-06 07:57:14.404,morning,Tuesday,46,Cloudy,5,500,normal
47,9,39.9659,-75.1884,2025-02-16 11:33:42.825,morning,Monday,53,Cloudy,9,300,normal
48,15,39.9196,-75.177,2025-09-11 18:43:09.606,evening,Sunday,63,Clear,14,500,anomalous
49,1,39.9799,-75.1747,2025-05-28 19:37:26.357,evening,Sunday,55,Cloudy,9,500,normal
50,6,39.9668,-75.1882,2025-07-04 14:47:13.152,night,Friday,42,Cloudy,6,750,normal
51,17,39.9535,-75.1949,2024-12-25 11:01:14.631,evening,Thursday,42,Clear,4,200,normal
52,2,39.9208,-75.1484,2025-01-21 16:12:05.011,night,Monday,34,Clear,3,200,normal
53,14,39.9277,-75.1991,2025-08-14 18:40:04.352,evening,Sunday,38,Fog,4,300,normal
54,2,39.9982,-75.1317,2025-06-01 16:12:46.691,night,Monday,36,Cloudy,10,750,normal
55,11,39.9153,-75.1338,2025-04-28 10:38:20.740,morning,Monday,51,Clear,9,300,normal
56,1,39.9612,-75.1542,2025-09-26 09:30:50.924,morning,Monday,96,Clear,13,300,anomalous
57,12,39.9456,-75.1268,2025-01-01 14:34:15.360,morning,Monday,94,Cloudy,13,500,anomalous
58,9,39.9572,-75.1703,2025-08-23 01:05:34.799,night,Friday,26,Clear,5,100,normal
59,16,39.9258,-75.2016,2025-01-20 16:52:59.573,night,Wednesday,115,Cloudy,11,100,anomalous
60,7,40.0005,-75.1684,2024-11-09 13:32:50.352,evening,Monday,53,Clear,3,200,normal
61,14,39.989,-75.195,2025-06-25 00:24:16.835,morning,Sunday,26,Clear,1,200,normal
62,2,39.9346,-75.2037,2024-12-15 13:56:36.459,evening,Wednesday,43,Cloudy,7,750,normal
63,1,39.9114,-75.1833,2025-09-01 17:58:47.775,night,Sunday,61,Clear,2,750,normal
64,5,39.9329,-75.1527,2025-07-15 06:26:19.794,evening,Saturday,47,Cloudy,1,500,normal
65,16,39.9333,-75.1446,2025-07-24 16:43:35.456,afternoon,Wednesday,59,Cloudy,5,500,normal
66,2,40.0019,-75.2141,2025-10-01 05:24:54.542,evening,Thursday,61,Rain,8,500,normal
67,13,39.9141,-75.1376,2025-01-01 01:57:45.984,evening,Thursday,31,Clear,10,300,normal
68,15,40.0024,-75.1413,2025-09-02 20:22:56.475,evening,Monday,34,Rain,1,750,normal
69,14,39.9531,-75.2015,2024-11-27 17:55:08.757,afternoon,Tuesday,32,Rain,3,750,normal
70,10,39.9787,-75.1893,2025-08-13 08:02:56.144,morning,Saturday,99,Clear,21,500,anomalous
71,11,39.9904,-75.1316,2025-09-01 19:25:54.740,evening,Wednesday,26,Cloudy,8,750,normal
72,9,39.9176,-75.2134,2025-03-20 01:18:18.735,evening,Wednesday,27,Clear,10,200,normal
73,9,39.9087,-75.1649,2025-02-19 14:10:31.838,morning,Saturday,51,Clear,4,100,normal
74,1,39.9504,-75.1637,2024-11-26 03:45:04.267,morning,Friday,38,Rain,1,100,normal
75,0,39.9967,-75.1877,2025-08-10 04:22:44.379,morning,Thursday,48,Clear,2,200,normal
76,6,39.9066,-75.2053,2025-03-29 07:50:20.725,night,Tuesday,23,Cloudy,3,200,normal
77,11,39.9764,-75.1223,2025-02-16 15:04:05.557,night,Friday,72,Fog,15,500,anomalous
78,4,39.9276,-75.1716,2025-09-07 00:52:44.692,night,Monday,36,Clear,4,750,normal
79,14,39.9033,-75.1663,2025-10-15 15:35:32.423,afternoon,Monday,29,Cloudy,9,100,normal
80,1,39.9084,-75.119,2025-04-19 16:46:02.955,evening,Wednesday,54,Cloudy,7,750,normal
81,12,39.9128,-75.1666,2025-04-10 13:48:47.384,morning,Monday,108,Clear,19,500,anomalous
82,17,39.9462,-75.1443,2024-12-21 18:45:00.073,evening,Wednesday,77,Fog,14,750,anomalous
83,17,39.9276,-75.1944,2025-05-11 21:38:30.546,evening,Tuesday,31,Cloudy,8,200,normal
84,19,39.9058,-75.1153,2025-01-01 07:58:58.995,morning,Wednesday,95,Clear,16,500,anomalous
85,0,39.9238,-75.2003,2025-04-15 20:59:21.469,afternoon,Tuesday,51,Clear,5,200,normal
86,18,39.9942,-75.1903,2025-09-22 23:00:42.542,night,Wednesday,33,Clear,6,300,normal
87,18,39.9712,-75.1672,2025-09-25 05:10:30.572,night,Sunday,90,Fog,15,750,anomalous
88,4,39.9251,-75.1985,2025-03-20 10:20:33.596,afternoon,Saturday,29,Clear,4,500,normal
89,15,39.952,-75.132,2025-05-16 05:10:19.187,night,Wednesday,21,Cloudy,3,750,normal
90,6,39.9291,-75.1307,2025-07-21 17:19:31.548,evening,Sunday,86,Clear,20,200,normal
91,9,39.9939,-75.1724,2025-09-19 00:52:22.485,afternoon,Thursday,32,Clear,10,100,normal
92,14,39.9976,-75.1323,2025-04-21 00:41:26.922,evening,Tuesday,89,Clear,15,500,normal
93,2,39.9914,-75.1554,2025-06-21 00:49:53.443,night,Friday,10,Snow,6,200,normal
94,1,39.9998,-75.1164,2024-12-09 14:55:18.392,evening,Saturday,86,Rain,13,750,anomalous
95,18,39.9803,-75.1563,2025-04-22 01:02:16.235,evening,Sunday,45,Clear,9,300,normal
96,12,39.9512,-75.165,2025-08-19 09:30:47.409,evening,Monday,39,Clear,8,500,normal
97,5,39.9893,-75.1433,2024-12-15 04:16:40.659,night,Saturday,37,Cloudy,8,500,normal
98,10,39.9217,-75.1589,2025-04-16 02:17:22.295,evening,Thursday,29,Clear,3,750,normal
99,10,39.9765,-75.1909,2025-04-17 02:41:58.388,morning,Wednesday,32,Cloudy,2,100,normal
100,1,39.9941,-75.1942,2024-11-14 10:47:37.323,afternoon,Tuesday,28,Fog,8,300,normal
101,11,39.9478,-75.1709,2025-05-17 16:36:44.536,evening,Saturday,44,Cloudy,1,100,normal
102,14,39.9536,-75.1378,2024-11-03 06:09:43.787,morning,Sunday,42,Clear,2,750,normal
103,6,39.9966,-75.1597,2025-07-31 23:44:36.041,morning,Sunday,63,Clear,8,300,normal
104,18,39.9451,-75.1626,2025-06-17 15:12:45.687,morning,Tuesday,34,Clear,8,500,normal
105,13,39.9281,-75.2053,2025-02-12 13:26:02.475,night,Friday,14,Fog,5,300,normal
106,3,39.9052,-75.131,2025-02-24 21:21:57.249,evening,Monday,54,Cloudy,6,100,normal
107,6,39.9518,-75.1966,2025-02-19 17:58:15.690,morning,Thursday,91,Clear,17,100,normal
108,16,39.9599,-75.1766,2024-11-14 05:29:31.675,morning,Wednesday,33,Rain,6,500,normal
109,13,39.9139,-75.1819,2025-04-08 22:21:27.768,afternoon,Thursday,30,Cloudy,1,750,normal
110,13,39.976,-75.1457,2025-04-08 03:11:36.223,morning,Wednesday,26,Clear,9,500,normal
111,0,39.9542,-75.2103,2025-07-14 05:07:48.143,afternoon,Friday,19,Rain,1,750,normal
112,15,39.9642,-75.1505,2025-03-08 20:10:16.731,night,Friday,29,Clear,6,300,normal
113,19,39.937,-75.1836,2025-10-27 05:44:10.593,night,Tuesday,96,Snow,19,300,anomalous
114,6,39.9927,-75.2122,2024-12-08 02:19:53.302,morning,Monday,34,Cloudy,5,500,normal
115,12,40.0,-75.2009,2025-02-21 17:10:59.334,night,Friday,12,Snow,7,500,normal
116,15,39.934,-75.1519,2024-12-26 02:08:59.485,evening,Friday,44,Cloudy,1,500,normal
117,1,39.9282,-75.2093,2024-12-05 08:25:13.658,morning,Monday,36,Rain,10,500,normal
118,8,39.9505,-75.1602,2024-11-12 11:43:50.448,evening,Tuesday,33,Fog,5,200,normal
119,16,39.9599,-75.1364,2025-05-05 23:08:48.045,afternoon,Monday,20,Rain,4,100,normal
120,19,39.9068,-75.1606,2025-10-25 01:30:34.645,night,Sunday,21,Clear,9,500,normal
121,17,39.9597,-75.12,2024-11-20 23:37:58.255,evening,Saturday,30,Cloudy,2,750,normal
122,1,39.9378,-75.1905,2025-09-07 15:18:37.521,evening,Monday,42,Clear,10,300,normal
123,14,39.9962,-75.2066,2025-09-16 02:08:00.673,afternoon,Wednesday,42,Cloudy,10,200,normal
124,14,39.9027,-75.1425,2025-03-16 16:40:40.286,evening,Sunday,42,Clear,6,200,normal
125,2,39.9669,-75.1384,2025-08-03 06:23:54.830,night,Saturday,78,Clear,6,100,normal
126,14,39.9785,-75.181,2024-11-05 14:34:12.397,afternoon,Thursday,50,Clear,7,100,normal
127,5,39.9392,-75.1365,2025-08-21 14:45:05.971,morning,Saturday,71,Rain,20,300,normal
128,12,39.9596,-75.1492,2025-07-02 03:00:37.772,morning,Monday,27,Cloudy,2,300,normal
129,14,39.9955,-75.1353,2025-03-25 04:14:18.721,afternoon,Thursday,27,Clear,8,200,normal
130,12,39.9786,-75.214,2025-03-29 19:00:06.816,morning,Thursday,47,Clear,5,200,normal
131,5,39.9883,-75.1998,2025-08-26 03:22:10.250,morning,Tuesday,36,Rain,5,200,normal
132,9,39.9331,-75.1911,2025-01-29 21:25:07.625,night,Thursday,104,Cloudy,13,500,anomalous
133,12,39.934,-75.1584,2025-03-11 11:54:43.428,afternoon,Saturday,44,Clear,8,750,normal
134,19,39.9231,-75.1806,2024-11-27 21:05:23.180,night,Wednesday,29,Rain,7,750,normal
135,1,39.9531,-75.1298,2025-08-21 19:25:03.960,evening,Friday,37,Clear,4,300,normal
136,1,39.9103,-75.1602,2025-05-03 17:48:20.178,night,Friday,103,Cloudy,20,750,normal
137,14,39.9183,-75.2091,2025-03-23 09:39:14.961,morning,Saturday,34,Clear,5,100,normal
138,18,39.9293,-75.1753,2025-10-07 05:45:06.090,afternoon,Sunday,116,Clear,17,750,anomalous
139,12,39.9559,-75.1819,2025-07-13 12:53:42.440,night,Saturday,26,Cloudy,6,200,normal
140,10,39.9165,-75.1287,2024-11-04 14:45:14.035,night,Saturday,25,Clear,8,750,normal
141,14,39.9745,-75.1318,2025-04-27 04:17:25.857,night,Saturday,29,Fog,6,750,normal
142,2,39.9324,-75.1811,2025-02-28 12:10:23.707,morning,Friday,103,Cloudy,13,100,anomalous
143,3,39.993,-75.1641,2025-05-05 21:33:45.869,morning,Sunday,54,Clear,8,500,normal
144,15,39.9911,-75.1241,2025-10-03 08:31:20.093,afternoon,Thursday,26,Clear,4,200,normal
145,3,39.9711,-75.1527,2025-03-20 16:49:14.426,night,Tuesday,30,Clear,9,500,normal
146,6,39.9304,-75.1621,2024-10-31 14:27:21.688,night,Sunday,27,Cloudy,9,500,normal
147,8,39.9936,-75.1344,2025-09-16 15:36:09.407,morning,Sunday,25,Rain,5,750,normal
148,0,39.9778,-75.2098,2025-03-07 07:01:52.109,morning,Wednesday,117,Clear,17,500,anomalous
149,7,39.9554,-75.1382,2025-01-13 15:30:22.281,morning,Thursday,28,Fog,20,300,normal
150,3,39.9028,-75.2096,2024-12-10 17:43:12.917,afternoon,Thursday,46,Clear,9,100,normal
151,10,39.9643,-75.1475,2025-03-30 08:22:51.385,afternoon,Friday,72,Clear,14,300,anomalous
152,14,39.9228,-75.2082,2024-11-28 00:39:39.567,evening,Tuesday,35,Fog,5,500,normal
153,6,39.9066,-75.1982,2025-08-29 11:23:54.122,afternoon,Tuesday,98,Cloudy,24,750,anomalous
154,0,39.9789,-75.1859,2025-03-22 13:41:48.511,morning,Saturday,30,Fog,3,200,normal
155,8,39.9109,-75.1518,2025-04-22 05:04:11.388,night,Thursday,23,Fog,9,300,normal
156,3,39.9542,-75.1314,2025-03-02 19:18:49.719,afternoon,Friday,34,Cloudy,7,500,normal
157,6,39.9576,-75.2074,2025-02-24 04:02:52.808,night,Saturday,28,Clear,8,500,normal
158,7,39.9999,-75.1398,2025-01-01 09:51:41.006,afternoon,Monday,31,Clear,9,750,normal
159,19,39.9959,-75.1309,2025-03-02 06:30:03.684,afternoon,Monday,24,Snow,10,750,normal
160,2,39.9704,-75.1626,2025-09-12 22:40:17.488,night,Sunday,39,Clear,7,200,normal
161,1,39.9498,-75.1228,2025-10-20 00:03:12.757,evening,Sunday,49,Clear,10,200,normal
162,11,39.9419,-75.1594,2025-04-19 20:22:26.357,morning,Tuesday,39,Clear,6,750,normal
163,12,39.9749,-75.1673,2025-03-01 18:12:43.949,morning,Sunday,66,Cloudy,15,200,normal
164,3,39.9119,-75.191,2025-10-01 12:15:49.812,morning,Monday,48,Rain,18,100,normal
165,7,39.9536,-75.1394,2024-11-17 23:13:49.501,afternoon,Friday,36,Clear,10,200,normal
166,18,39.9837,-75.1621,2025-03-12 23:58:17.523,evening,Wednesday,30,Cloudy,2,300,normal
167,1,39.9733,-75.1277,2024-11-05 02:02:38.711,afternoon,Tuesday,26,Clear,4,500,normal
168,16,39.953,-75.1904,2024-11-11 17:37:15.400,afternoon,Sunday,47,Clear,7,200,normal
169,4,39.9046,-75.1313,2025-08-05 20:37:39.219,afternoon,Thursday,42,Clear,10,500,normal
170,19,39.978,-75.1609,2024-11-14 02:52:48.279,afternoon,Wednesday,44,Cloudy,6,750,normal
171,16,39.9491,-75.193,2025-02-13 23:46:16.235,evening,Friday,21,Rain,10,500,normal
172,6,39.99,-75.2064,2025-10-27 08:33:53.375,morning,Saturday,49,Clear,6,100,normal
173,10,39.9926,-75.1446,2025-07-05 12:43:54.807,afternoon,Sunday,75,Rain,16,300,anomalous
174,15,39.9216,-75.1896,2025-01-05 12:48:28.448,night,Sunday,96,Cloudy,10,100,anomalous
175,6,39.9098,-75.1424,2025-03-18 09:59:45.060,afternoon,Wednesday,74,Clear,4,300,normal
176,6,39.9174,-75.2055,2025-10-19 12:30:45.710,afternoon,Tuesday,42,Clear,10,100,normal
177,19,40.0017,-75.1532,2025-01-07 10:40:31.250,night,Saturday,77,Fog,18,100,normal
178,5,39.9126,-75.1228,2025-01-05 12:30:34.662,morning,Friday,20,Snow,9,100,normal
179,12,39.9907,-75.1987,2025-02-10 12:14:43.937,night,Sunday,87,Cloudy,22,750,anomalous
180,14,39.931,-75.2113,2025-02-15 15:19:34.477,evening,Tuesday,73,Cloudy,19,750,anomalous
181,0,39.9695,-75.1214,2025-09-12 23:37:43.688,evening,Tuesday,42,Cloudy,7,300,normal
182,8,39.9921,-75.1936,2024-12-15 00:56:10.194,night,Saturday,44,Cloudy,4,100,normal
183,7,39.9708,-75.1638,2025-05-05 08:06:22.610,evening,Saturday,38,Cloudy,3,100,normal
184,15,39.9154,-75.1964,2024-12-09 17:09:10.352,afternoon,Saturday,64,Clear,13,750,anomalous
185,2,39.9445,-75.1458,2025-07-31 12:54:10.574,night,Friday,109,Rain,20,500,anomalous
186,8,39.937,-75.13,2025-03-02 09:37:45.252,evening,Wednesday,23,Rain,2,100,normal
187,2,39.9909,-75.1506,2025-08-28 06:10:08.392,morning,Tuesday,104,Clear,15,200,anomalous
188,17,39.9178,-75.1801,2025-08-12 08:59:52.305,morning,Sunday,28,Cloudy,3,300,normal
189,13,39.9057,-75.1315,2025-05-19 23:42:57.459,night,Friday,17,Rain,7,750,normal
190,2,39.9129,-75.1299,2025-10-30 18:19:12.408,afternoon,Friday,107,Cloudy,16,200,anomalous
191,19,39.9862,-75.1167,2025-04-25 04:19:50.800,night,Sunday,30,Rain,5,200,normal
192,7,39.9637,-75.1758,2025-04-27 15:02:01.588,morning,Sunday,67,Clear,21,750,anomalous
193,17,39.9156,-75.147,2025-02-26 10:26:22.585,evening,Tuesday,30,Cloudy,1,100,normal
194,19,39.9044,-75.1476,2025-10-12 06:56:07.264,evening,Sunday,24,Fog,8,100,normal
195,17,39.9202,-75.1321,2025-10-26 14:52:33.021,night,Friday,49,Cloudy,2,300,normal
196,14,39.978,-75.1695,2025-03-17 17:23:08.967,evening,Tuesday,89,Fog,13,100,anomalous
197,7,39.9858,-75.1806,2024-12-29 05:00:28.458,morning,Wednesday,30,Cloudy,7,200,normal
198,11,39.939,-75.1538,2025-05-22 03:03:53.905,afternoon,Monday,45,Cloudy,3,500,normal
199,2,39.9721,-75.1689,2024-11-23 05:13:37.039,morning,Tuesday,30,Fog,4,300,normal
200,16,39.9803,-75.1303,2024-11-02 22:46:16.653,night,Wednesday,19,Snow,4,200,normal
201,17,39.99,-75.1404,2025-02-06 12:10:49.806,morning,Thursday,28,Clear,7,300,normal
202,15,39.9291,-75.1697,2025-05-12 18:57:55.568,night,Thursday,114,Rain,14,750,anomalous
203,14,39.9291,-75.1879,2025-01-14 08:01:05.949,afternoon,Thursday,33,Fog,7,750,normal
204,13,39.9997,-75.162,2025-02-14 02:00:30.392,afternoon,Sunday,52,Clear,1,750,normal
205,14,39.9066,-75.1537,2024-12-03 18:48:12.115,morning,Monday,61,Snow,23,100,anomalous
206,14,39.929,-75.1883,2025-06-25 11:48:07.890,evening,Sunday,63,Clear,13,500,anomalous
207,18,39.9572,-75.1653,2025-07-18 03:35:36.940,night,Sunday,38,Cloudy,1,100,normal
208,15,39.9289,-75.1493,2024-11-30 22:00:59.631,evening,Friday,33,Rain,10,500,normal
209,9,39.9457,-75.1381,2024-12-08 02:21:13.459,morning,Saturday,28,Clear,7,500,normal
210,7,39.9704,-75.1437,2025-01-07 03:52:30.469,night,Saturday,21,Clear,9,200,normal
211,5,39.9256,-75.1279,2025-07-24 18:42:46.085,evening,Wednesday,35,Cloudy,8,500,normal
212,17,39.9368,-75.2069,2025-03-19 16:34:25.729,morning,Saturday,45,Cloudy,9,500,normal
213,15,39.9874,-75.2062,2025-02-07 04:01:28.935,evening,Monday,34,Clear,9,300,normal
214,15,39.9603,-75.2067,2025-07-27 20:14:45.135,evening,Saturday,52,Cloudy,1,750,normal
215,6,39.9433,-75.1922,2025-07-11 01:21:24.679,morning,Wednesday,37,Clear,10,500,normal
216,0,39.9908,-75.2069,2025-05-04 22:17:28.086,evening,Saturday,43,Cloudy,6,200,normal
217,4,39.9542,-75.1999,2024-12-24 22:12:27.156,afternoon,Tuesday,36,Clear,4,300,normal
218,17,39.9141,-75.1854,2025-06-21 02:08:57.429,morning,Sunday,26,Clear,3,500,normal
219,1,39.9889,-75.2147,2025-03-10 23:33:31.614,morning,Friday,22,Snow,1,200,normal
220,15,39.9478,-75.135,2025-05-07 09:43:10.101,evening,Tuesday,26,Fog,5,750,normal
221,1,39.9027,-75.1611,2025-09-05 20:48:50.156,morning,Sunday,42,Fog,11,200,normal
222,13,39.978,-75.1295,2025-10-27 07:04:13.723,morning,Friday,35,Clear,5,750,normal
223,9,39.907,-75.1873,2025-01-26 16:33:28.380,morning,Thursday,39,Clear,3,200,normal
224,0,39.9888,-75.177,2025-09-30 17:11:32.017,night,Monday,36,Clear,10,200,normal
225,18,39.9167,-75.2049,2025-09-28 11:17:14.500,night,Thursday,25,Rain,2,500,normal
226,14,39.91,-75.1456,2024-12-16 21:07:43.463,night,Sunday,29,Cloudy,7,100,normal
227,17,39.928,-75.1492,2025-03-05 19:28:46.165,afternoon,Saturday,102,Cloudy,13,300,anomalous
228,10,39.9687,-75.1834,2024-11-13 05:25:16.861,afternoon,Friday,42,Clear,5,100,normal
229,5,39.9286,-75.1788,2025-03-05 01:38:53.184,evening,Friday,65,Cloudy,19,750,anomalous
230,17,39.9684,-75.1928,2025-09-06 17:23:51.454,afternoon,Friday,40,Clear,8,200,normal
231,18,39.9499,-75.1518,2024-11-02 09:28:05.587,morning,Wednesday,49,Clear,6,750,normal
232,10,39.9633,-75.1625,2025-03-23 04:34:02.283,afternoon,Wednesday,43,Cloudy,2,100,normal
233,0,39.9654,-75.1892,2025-10-26 05:46:38.765,morning,Tuesday,54,Clear,7,300,normal
234,7,39.9524,-75.1628,2025-03-26 01:43:50.661,evening,Saturday,108,Clear,18,500,anomalous
235,0,39.9839,-75.1885,2025-10-20 22:38:33.743,afternoon,Friday,53,Clear,1,500,normal
236,16,39.9662,-75.1881,2025-08-10 10:45:44.480,morning,Monday,37,Rain,1,100,normal
237,17,39.9685,-75.1476,2025-03-11 05:32:53.014,afternoon,Thursday,43,Cloudy,9,300,normal
238,18,39.9631,-75.2145,2025-10-24 03:36:42.781,morning,Thursday,73,Clear,20,750,normal
239,13,39.9254,-75.1797,2025-01-17 21:33:37.281,morning,Friday,33,Rain,10,750,normal
240,2,39.9186,-75.137,2025-02-05 12:17:21.641,evening,Sunday,29,Clear,10,300,normal
241,9,39.9671,-75.1287,2025-04-01 02:46:20.903,evening,Saturday,32,Clear,3,300,normal
242,7,39.9856,-75.175,2025-08-19 18:57:20.665,afternoon,Wednesday,51,Clear,7,200,normal
243,2,39.9682,-75.1568,2025-09-22 23:38:28.155,evening,Friday,47,Cloudy,5,100,normal
244,18,39.9446,-75.1809,2025-04-01 00:19:52.530,morning,Monday,23,Snow,7,500,normal
245,0,39.9288,-75.1295,2024-12-18 23:28:58.491,night,Monday,37,Clear,2,300,normal
246,6,39.9406,-75.1357,2025-04-09 07:15:23.348,afternoon,Saturday,28,Rain,5,200,normal
247,9,39.9102,-75.1296,2025-01-12 09:18:21.381,night,Thursday,30,Rain,8,300,normal
248,9,39.9506,-75.2133,2025-05-11 22:13:02.263,evening,Friday,34,Clear,9,300,normal
249,11,39.9726,-75.2067,2025-06-03 01:36:38.351,night,Tuesday,109,Cloudy,18,300,anomalous
250,17,39.9489,-75.1232,2025-08-30 01:28:19.069,night,Monday,36,Clear,10,100,normal
251,8,39.9026,-75.215,2025-03-12 11:22:23.579,evening,Tuesday,31,Cloudy,8,500,normal
252,3,39.9832,-75.1573,2025-06-17 09:41:50.962,morning,Wednesday,33,Clear,4,750,normal
253,2,39.9803,-75.1917,2024-11-15 02:37:11.099,morning,Tuesday,79,Cloudy,12,750,anomalous
254,18,39.9879,-75.1341,2025-07-21 17:24:23.228,morning,Wednesday,53,Cloudy,10,300,normal
255,3,39.977,-75.1685,2025-05-24 00:04:43.362,evening,Friday,75,Snow,21,200,anomalous
256,19,39.9645,-75.214,2025-03-29 11:50:44.095,morning,Saturday,21,Rain,3,200,normal
257,6,39.9214,-75.1487,2025-01-07 20:37:07.483,night,Saturday,29,Fog,9,300,normal
258,12,39.9745,-75.1812,2024-12-06 02:39:37.030,afternoon,Friday,78,Clear,11,500,anomalous
259,11,39.9439,-75.1522,2025-08-24 05:27:35.381,afternoon,Friday,32,Clear,4,200,normal
260,10,39.9877,-75.1908,2025-01-03 03:46:40.255,morning,Monday,30,Rain,1,750,normal
261,16,39.9116,-75.1584,2025-02-22 07:12:13.540,night,Friday,25,Clear,8,500,normal
262,15,39.9494,-75.1912,2025-03-26 20:02:49.246,morning,Wednesday,86,Clear,8,500,normal
263,19,39.9286,-75.1207,2025-02-25 01:54:54.491,evening,Saturday,48,Clear,16,200,normal
264,10,39.9293,-75.2058,2025-09-09 04:54:14.131,afternoon,Monday,60,Rain,23,100,anomalous
265,6,39.9575,-75.1685,2025-02-25 22:17:34.343,morning,Thursday,46,Cloudy,4,300,normal
266,8,39.9256,-75.189,2025-01-28 01:38:56.132,evening,Sunday,42,Clear,10,200,normal
267,8,39.9789,-75.1396,2024-11-11 03:29:41.921,afternoon,Monday,48,Cloudy,1,100,normal
268,3,39.9347,-75.1995,2025-08-09 18:52:20.961,afternoon,Saturday,40,Cloudy,1,750,normal
269,15,39.925,-75.2038,2025-03-26 16:57:06.913,evening,Wednesday,95,Clear,8,100,normal
270,9,39.9123,-75.1832,2025-01-19 03:39:27.597,morning,Monday,43,Clear,8,500,normal
271,8,39.9408,-75.1695,2025-04-22 22:43:58.934,morning,Sunday,94,Cloudy,20,750,normal
272,8,39.9651,-75.1442,2025-02-07 21:23:09.641,evening,Saturday,35,Clear,2,500,normal
273,12,39.9371,-75.1524,2025-02-20 11:02:25.271,morning,Saturday,51,Clear,2,100,normal
274,5,39.9776,-75.1418,2025-01-12 18:08:23.784,night,Thursday,32,Clear,2,500,normal
275,14,39.9663,-75.1809,2025-08-17 19:29:32.647,afternoon,Sunday,72,Clear,17,750,anomalous
276,11,39.9963,-75.1432,2025-02-21 19:08:45.272,night,Thursday,67,Rain,17,200,normal
277,15,39.9831,-75.137,2024-11-18 12:17:18.476,evening,Thursday,49,Clear,6,500,normal
278,7,39.9856,-75.1866,2025-08-30 17:44:53.510,evening,Thursday,39,Cloudy,9,200,normal
279,18,39.9874,-75.1873,2025-04-13 03:01:39.113,morning,Saturday,47,Clear,2,750,normal
280,8,39.9741,-75.1294,2025-04-01 20:41:40.204,night,Thursday,72,Cloudy,24,100,anomalous
281,7,39.9266,-75.1314,2025-08-19 20:02:11.262,morning,Tuesday,44,Cloudy,6,200,normal
282,17,39.9144,-75.1214,2025-08-22 05:17:38.278,morning,Monday,42,Cloudy,3,750,normal
283,4,39.9375,-75.2025,2025-09-14 06:24:34.459,afternoon,Tuesday,32,Rain,20,500,normal
284,7,39.9384,-75.1792,2025-10-08 06:21:43.865,afternoon,Tuesday,58,Cloudy,20,750,normal
285,17,39.954,-75.1733,2025-04-12 07:01:30.826,morning,Friday,32,Rain,10,500,normal
286,1,39.9378,-75.1836,2025-03-27 18:53:19.815,night,Thursday,40,Clear,1,100,normal
287,18,39.9674,-75.1639,2024-12-06 15:17:02.274,night,Sunday,31,Clear,8,500,normal
288,5,39.9581,-75.1879,2025-05-14 15:36:37.006,evening,Monday,37,Clear,5,750,normal
289,2,39.9371,-75.1506,2025-05-27 20:35:06.120,night,Wednesday,16,Rain,2,750,normal
290,13,39.9274,-75.1294,2025-06-01 04:46:34.988,evening,Saturday,38,Clear,4,100,normal
291,10,39.9687,-75.1342,2025-10-30 04:49:56.209,morning,Thursday,32,Rain,3,100,normal
292,7,39.9538,-75.1674,2024-11-24 06:18:28.675,afternoon,Wednesday,49,Clear,7,750,normal
293,3,39.9035,-75.1188,2025-09-29 23:13:58.407,night,Thursday,43,Clear,6,750,normal
294,12,39.9728,-75.1426,2025-10-19 11:47:54.038,evening,Monday,82,Clear,18,200,normal
295,2,39.9244,-75.17,2025-04-02 18:35:39.284,afternoon,Saturday,113,Clear,11,500,anomalous
296,7,39.9085,-75.1171,2025-07-03 05:27:53.676,afternoon,Tuesday,100,Clear,20,200,normal
297,15,39.9697,-75.13,2025-03-17 02:16:26.505,afternoon,Wednesday,44,Clear,6,200,normal
298,10,39.9995,-75.1851,2025-06-23 15:59:30.577,morning,Saturday,51,Clear,3,300,normal
299,8,39.9129,-75.179,2024-12-05 09:29:35.325,evening,Sunday,22,Rain,6,750,normal
300,19,39.9226,-75.2099,2025-02-10 19:40:34.690,afternoon,Thursday,31,Clear,1,300,normal
301,11,39.967,-75.21,2025-09-21 06:20:12.677,night,Tuesday,86,Snow,12,100,anomalous
302,15,39.9713,-75.1773,2025-10-24 19:53:13.757,evening,Tuesday,112,Clear,18,500,normal
303,17,39.9342,-75.1818,2024-12-31 22:50:54.725,evening,Thursday,29,Clear,9,200,normal
304,15,39.9155,-75.1618,2025-01-28 00:17:53.665,afternoon,Sunday,18,Rain,3,500,normal
305,9,39.9112,-75.1152,2025-03-06 21:23:44.775,evening,Tuesday,29,Rain,10,100,normal
306,11,39.9139,-75.1636,2025-10-21 00:05:37.134,morning,Saturday,49,Cloudy,2,100,normal
307,9,39.9186,-75.2112,2025-01-23 20:58:33.145,evening,Monday,35,Cloudy,9,200,normal
308,4,39.9242,-75.1723,2025-09-11 07:57:27.870,night,Friday,24,Cloudy,5,300,normal
309,5,39.9953,-75.1549,2025-05-07 01:52:12.010,evening,Tuesday,27,Clear,9,300,normal
310,6,39.9527,-75.1382,2025-06-05 03:21:39.575,morning,Sunday,57,Clear,3,300,normal
311,18,39.9688,-75.1196,2025-01-18 16:21:50.836,evening,Sunday,34,Fog,6,200,normal
312,8,39.9374,-75.2053,2025-08-03 14:40:43.372,night,Tuesday,21,Cloudy,5,500,normal
313,1,39.9901,-75.1774,2025-10-14 07:52:41.662,evening,Thursday,45,Cloudy,6,750,normal
314,7,39.9728,-75.1203,2025-07-20 21:44:44.274,afternoon,Tuesday,42,Cloudy,2,100,normal
315,19,39.9854,-75.1593,2025-09-28 18:07:02.663,evening,Wednesday,105,Clear,24,500,anomalous
316,8,39.9207,-75.1237,2025-02-16 03:40:57.079,night,Monday,76,Clear,10,750,anomalous
317,18,39.9417,-75.1453,2024-11-25 15:14:09.711,morning,Saturday,38,Cloudy,2,500,normal
318,16,39.994,-75.1637,2025-10-02 00:33:20.631,afternoon,Tuesday,74,Fog,17,300,normal
319,16,39.9292,-75.1217,2024-11-25 01:19:00.834,afternoon,Monday,27,Snow,7,750,normal
320,9,39.9448,-75.1827,2025-10-25 08:58:59.091,night,Tuesday,22,Fog,7,750,normal
321,11,39.9793,-75.1588,2025-02-04 17:25:32.168,afternoon,Tuesday,59,Rain,6,500,normal
322,16,39.9762,-75.1819,2025-09-16 13:38:38.359,afternoon,Thursday,106,Cloudy,15,300,normal
323,13,39.9759,-75.2067,2025-09-19 13:25:20.655,evening,Monday,31,Clear,7,200,normal
324,3,39.9467,-75.1711,2025-10-26 17:19:05.596,morning,Wednesday,54,Cloudy,5,500,normal
325,4,39.9369,-75.1606,2025-04-28 03:28:53.446,afternoon,Thursday,36,Rain,7,300,normal
326,0,39.9918,-75.1778,2025-05-04 18:54:10.805,morning,Saturday,28,Clear,2,750,normal
327,2,39.9773,-75.1685,2024-12-28 04:15:38.940,morning,Saturday,20,Fog,9,100,normal
328,9,39.9854,-75.1269,2025-08-20 20:26:13.670,morning,Monday,29,Clear,7,750,normal
329,16,39.95,-75.1432,2025-03-03 06:07:55.873,morning,Tuesday,94,Snow,22,300,anomalous
330,11,39.9257,-75.2046,2025-04-07 15:24:59.263,evening,Tuesday,48,Clear,5,300,normal
331,13,39.9506,-75.1388,2025-04-27 09:25:00.519,night,Friday,30,Rain,4,500,normal
332,1,39.9931,-75.1694,2025-10-11 10:40:34.993,afternoon,Wednesday,24,Snow,3,300,normal
333,0,39.952,-75.1271,2025-05-04 19:43:17.917,afternoon,Friday,26,Fog,3,200,normal
334,10,39.9812,-75.2077,2024-11-23 20:40:40.336,morning,Saturday,29,Clear,7,200,normal
335,7,39.9976,-75.1994,2025-03-21 17:47:45.905,night,Monday,28,Snow,20,500,normal
336,6,39.9267,-75.1558,2025-03-30 17:40:58.738,morning,Friday,60,Clear,22,500,anomalous
337,17,39.9461,-75.1348,2025-07-11 16:39:27.190,night,Wednesday,119,Clear,10,100,anomalous
338,16,39.92,-75.1449,2025-03-19 08:39:17.266,afternoon,Tuesday,47,Clear,5,100,normal
339,17,39.9152,-75.1986,2025-08-22 14:15:13.982,night,Saturday,15,Rain,5,200,normal
340,5,39.9163,-75.1809,2025-02-26 16:24:36.007,morning,Tuesday,78,Rain,21,750,anomalous
341,11,39.9446,-75.1476,2025-04-22 18:47:15.243,night,Thursday,25,Clear,7,300,normal
342,2,39.922,-75.1663,2025-08-16 12:57:53.789,morning,Wednesday,74,Rain,11,300,anomalous
343,16,39.931,-75.1457,2024-11-30 04:43:12.345,evening,Friday,77,Cloudy,19,100,anomalous
344,19,39.956,-75.1595,2024-12-16 06:29:48.674,afternoon,Wednesday,23,Fog,5,750,normal
345,6,39.9999,-75.1374,2025-03-19 07:21:14.666,night,Wednesday,33,Clear,1,200,normal
346,4,39.9419,-75.1426,2025-08-04 13:34:23.514,afternoon,Sunday,35,Cloudy,2,300,normal
347,19,39.9469,-75.12,2025-08-09 22:13:59.007,night,Friday,16,Rain,6,100,normal
348,17,39.9803,-75.1657,2025-02-08 04:30:40.328,morning,Friday,79,Clear,17,300,anomalous
349,12,39.9917,-75.183,2025-04-23 05:14:30.855,evening,Wednesday,19,Fog,5,200,normal
350,3,39.9588,-75.1944,2024-11-22 20:55:59.367,night,Saturday,39,Clear,6,300,normal
351,19,39.9089,-75.1526,2025-08-13 12:17:38.239,evening,Wednesday,112,Rain,12,300,anomalous
352,2,39.9647,-75.151,2025-10-21 08:14:00.432,night,Tuesday,28,Clear,8,300,normal
353,9,39.9551,-75.2028,2025-02-11 08:48:42.946,afternoon,Thursday,62,Fog,15,100,anomalous
354,15,39.9433,-75.2139,2025-09-11 01:38:44.237,morning,Monday,39,Clear,7,100,normal
355,14,39.9605,-75.13,2025-02-27 10:23:51.606,night,Friday,26,Clear,8,500,normal
356,19,39.9898,-75.1363,2025-08-02 18:26:17.565,night,Tuesday,39,Clear,3,500,normal
357,6,39.9688,-75.154,2025-01-03 22:17:49.085,evening,Wednesday,27,Snow,4,200,normal
358,18,39.9368,-75.1195,2024-11-27 15:23:08.153,night,Wednesday,35,Clear,8,200,normal
359,6,39.9944,-75.1385,2024-10-31 12:21:17.162,evening,Saturday,22,Snow,5,750,normal
360,1,39.9625,-75.1749,2025-04-30 09:05:48.109,night,Wednesday,30,Clear,6,200,normal
361,18,39.9563,-75.1187,2025-05-03 12:25:20.817,afternoon,Tuesday,88,Clear,11,750,anomalous
362,9,39.9108,-75.1502,2025-08-17 12:37:26.647,afternoon,Friday,87,Rain,20,300,anomalous
363,11,39.9651,-75.1153,2025-07-07 23:29:13.026,afternoon,Monday,35,Fog,9,100,normal
364,2,39.9649,-75.1863,2025-09-12 02:21:57.864,morning,Saturday,91,Cloudy,17,500,anomalous
365,5,39.9557,-75.1679,2025-02-14 05:51:22.012,night,Saturday,22,Rain,10,200,normal
366,4,39.9731,-75.1911,2025-02-18 11:04:16.819,evening,Monday,37,Snow,2,300,normal
367,8,39.9831,-75.2147,2024-12-05 00:46:20.429,evening,Tuesday,58,Clear,2,300,normal
368,6,39.9537,-75.1813,2025-07-11 17:36:15.180,night,Friday,33,Cloudy,8,500,normal
369,6,39.9047,-75.2139,2025-08-09 18:14:36.734,morning,Thursday,31,Clear,8,200,normal
370,8,39.9234,-75.1635,2025-01-20 22:24:24.687,night,Wednesday,21,Cloudy,5,750,normal
371,10,39.9087,-75.1518,2025-08-08 03:24:12.718,morning,Tuesday,39,Cloudy,4,300,normal
372,12,39.9739,-75.1545,2025-10-03 06:53:06.664,night,Thursday,21,Clear,3,300,normal
373,15,39.9471,-75.1241,2025-10-26 16:26:15.374,morning,Tuesday,35,Clear,10,100,normal
374,10,39.991,-75.1422,2024-11-08 09:39:20.578,afternoon,Friday,49,Clear,6,200,normal
375,15,39.9475,-75.1756,2025-04-02 13:08:12.146,night,Wednesday,28,Cloudy,10,500,normal
376,6,39.9449,-75.1716,2025-10-01 00:19:38.310,night,Thursday,23,Rain,6,300,normal
377,18,39.9026,-75.1381,2025-01-03 16:46:36.742,evening,Saturday,31,Fog,4,500,normal
378,11,39.9511,-75.1393,2025-10-27 11:16:49.323,evening,Saturday,77,Clear,3,100,normal
379,2,39.9867,-75.1676,2025-07-17 17:45:04.647,afternoon,Tuesday,20,Rain,8,100,normal
380,17,39.9195,-75.1281,2025-06-06 01:29:20.993,morning,Tuesday,32,Clear,7,300,normal
381,17,39.9074,-75.1178,2025-08-21 04:05:24.677,night,Saturday,24,Clear,4,200,normal
382,4,39.9478,-75.2054,2025-04-30 02:08:44.577,night,Saturday,22,Cloudy,6,750,normal
383,2,40.0007,-75.1189,2025-10-06 06:38:33.499,night,Thursday,40,Cloudy,8,100,normal
384,1,39.9337,-75.1374,2025-03-12 07:52:46.050,afternoon,Wednesday,32,Fog,2,300,normal
385,19,39.9698,-75.1586,2025-02-19 02:57:08.813,night,Thursday,49,Cloudy,11,200,normal
386,15,39.9602,-75.1391,2024-12-13 11:30:55.835,afternoon,Monday,34,Clear,2,750,normal
387,18,39.9057,-75.158,2025-08-15 19:25:05.311,afternoon,Wednesday,32,Rain,2,750,normal
388,14,39.9905,-75.1612,2025-03-02 17:45:30.994,afternoon,Thursday,39,Clear,6,200,normal
389,9,39.9588,-75.1257,2025-06-18 01:52:30.361,night,Sunday,114,Clear,18,300,anomalous
390,4,39.9097,-75.1214,2025-03-16 12:13:58.917,afternoon,Saturday,39,Clear,7,300,normal
391,16,39.9769,-75.2021,2025-03-13 19:44:19.436,evening,Tuesday,54,Clear,3,300,normal
392,6,39.9366,-75.2049,2025-01-11 09:11:12.717,afternoon,Monday,25,Fog,9,100,normal
393,15,39.9833,-75.1631,2024-11-09 22:37:45.498,night,Monday,30,Clear,2,750,normal
394,19,39.9756,-75.2016,2025-01-27 07:51:17.095,night,Wednesday,27,Rain,2,300,normal
395,15,39.9353,-75.2007,2025-08-18 22:57:19.892,evening,Saturday,95,Clear,20,100,normal
396,4,39.996,-75.1334,2025-04-11 18:43:41.970,night,Thursday,17,Rain,3,500,normal
397,2,39.9738,-75.1603,2025-03-31 05:48:58.635,morning,Friday,45,Cloudy,8,200,normal
398,4,39.9235,-75.1665,2025-02-23 02:28:22.393,afternoon,Monday,23,Rain,5,300,normal
399,10,39.9233,-75.1334,2025-01-06 11:54:21.311,morning,Thursday,39,Clear,10,500,normal
400,17,39.9587,-75.1916,2025-08-02 19:58:04.598,afternoon,Tuesday,55,Cloudy,2,500,normal
401,13,39.9359,-75.2087,2024-12-27 14:13:55.422,morning,Tuesday,26,Cloudy,10,750,normal
402,6,39.9702,-75.1387,2025-02-21 18:35:39.875,morning,Wednesday,106,Cloudy,11,750,anomalous
403,1,39.9757,-75.2126,2024-12-01 09:20:48.784,afternoon,Friday,29,Fog,5,300,normal
404,2,39.984,-75.2047,2025-03-21 05:26:48.816,night,Thursday,45,Snow,17,500,normal
405,7,39.9362,-75.2052,2025-01-06 20:13:45.933,evening,Wednesday,88,Clear,10,500,anomalous
406,10,39.9701,-75.1296,2025-09-01 15:14:30.890,evening,Sunday,74,Rain,6,300,normal
407,18,39.9779,-75.1766,2025-06-30 13:54:31.600,evening,Tuesday,61,Cloudy,24,200,anomalous
408,13,39.9312,-75.1763,2025-01-28 21:13:51.167,night,Tuesday,28,Cloudy,8,750,normal
409,8,39.9082,-75.1887,2025-04-05 03:47:00.775,evening,Friday,25,Rain,9,500,normal
410,13,39.9747,-75.1735,2025-04-27 02:51:25.589,morning,Saturday,39,Clear,1,200,normal
411,17,39.9915,-75.2003,2025-10-23 03:07:59.107,afternoon,Sunday,24,Fog,8,500,normal
412,3,39.9791,-75.1542,2025-02-08 17:41:40.672,afternoon,Tuesday,48,Cloudy,5,300,normal
413,11,39.9648,-75.1857,2024-12-07 09:41:49.214,morning,Monday,33,Cloudy,5,750,normal
414,18,39.9048,-75.1814,2024-11-19 20:56:08.997,afternoon,Wednesday,28,Clear,4,300,normal
415,8,39.995,-75.1704,2025-06-17 15:07:41.087,night,Friday,21,Fog,10,300,normal
416,3,39.927,-75.177,2025-06-22 08:42:25.778,morning,Wednesday,41,Cloudy,10,750,normal
417,0,39.9394,-75.2008,2025-07-15 11:33:16.157,morning,Thursday,45,Clear,10,200,normal
418,2,39.9913,-75.2076,2025-10-21 11:31:43.849,evening,Saturday,30,Clear,7,500,normal
419,5,39.9405,-75.1719,2024-11-09 08:16:24.873,morning,Sunday,35,Cloudy,10,750,normal
420,19,39.9376,-75.1216,2025-03-18 18:59:57.141,evening,Monday,41,Clear,4,200,normal
421,17,39.9574,-75.1902,2025-10-14 06:04:57.444,morning,Tuesday,32,Clear,10,500,normal
422,15,39.9118,-75.1917,2024-11-18 19:45:59.691,evening,Wednesday,47,Clear,4,100,normal
423,11,39.9305,-75.1861,2025-10-03 00:22:51.117,evening,Thursday,54,Cloudy,2,300,normal
424,19,39.9251,-75.1359,2025-04-29 19:51:54.606,afternoon,Sunday,36,Fog,2,100,normal
425,1,39.9289,-75.1196,2025-01-19 07:43:19.683,afternoon,Tuesday,33,Fog,7,200,normal
426,2,39.9356,-75.1258,2025-07-25 16:00:23.979,night,Sunday,42,Cloudy,6,300,normal
427,2,39.9575,-75.1687,2024-12-23 11:52:43.867,night,Wednesday,99,Rain,13,100,anomalous
428,16,39.9629,-75.1324,2025-10-20 04:59:08.396,afternoon,Tuesday,48,Rain,11,100,normal
429,8,39.928,-75.1997,2024-12-21 01:43:29.064,night,Saturday,34,Cloudy,10,300,normal
430,1,39.9388,-75.2094,2025-05-25 22:48:53.248,morning,Friday,62,Rain,24,500,anomalous
431,0,39.905,-75.1908,2025-09-10 12:28:44.627,morning,Saturday,52,Clear,7,300,normal
432,19,39.9669,-75.1168,2025-04-15 10:33:40.369,night,Sunday,24,Clear,2,750,normal
433,17,39.962,-75.145,2025-03-29 01:37:10.211,evening,Thursday,96,Clear,16,200,anomalous
434,11,39.9131,-75.1359,2025-03-14 07:47:30.503,afternoon,Wednesday,81,Clear,7,100,normal
435,18,39.9987,-75.1305,2025-08-14 14:27:55.725,afternoon,Tuesday,90,Rain,20,750,normal
436,5,39.9694,-75.1383,2025-06-21 13:04:10.308,evening,Saturday,48,Clear,3,200,normal
437,4,39.9206,-75.1269,2025-03-27 00:37:13.974,night,Monday,20,Rain,7,100,normal
438,0,39.9533,-75.166,2025-10-30 16:30:08.655,morning,Monday,71,Cloudy,17,200,anomalous
439,13,39.959,-75.1894,2025-01-30 06:50:21.986,evening,Sunday,31,Fog,10,300,normal
440,2,39.9329,-75.1262,2025-03-28 08:38:17.194,morning,Tuesday,116,Cloudy,12,500,anomalous
441,9,39.9924,-75.1972,2025-04-02 02:13:28.632,night,Monday,22,Clear,10,200,normal
442,9,39.9329,-75.1564,2025-06-12 11:32:18.692,evening,Thursday,37,Clear,10,300,normal
443,1,39.9568,-75.1747,2025-07-29 14:40:43.674,afternoon,Sunday,38,Fog,4,100,normal
444,18,39.9392,-75.215,2024-12-17 16:22:45.466,afternoon,Wednesday,101,Rain,12,750,anomalous
445,11,39.9784,-75.2144,2025-06-25 01:36:48.751,afternoon,Thursday,98,Snow,20,200,anomalous
446,17,39.9844,-75.1956,2024-11-26 17:38:59.552,night,Wednesday,26,Fog,10,300,normal
447,10,39.9998,-75.1824,2025-03-10 04:13:22.456,evening,Wednesday,75,Clear,16,300,normal
448,7,39.9552,-75.1185,2025-05-05 14:39:13.842,morning,Wednesday,94,Fog,5,300,normal
449,8,39.9674,-75.1761,2025-06-02 08:04:02.337,afternoon,Wednesday,52,Cloudy,7,200,normal
450,16,39.9714,-75.1868,2025-02-11 06:03:53.768,morning,Thursday,53,Clear,7,100,normal
451,7,39.9074,-75.1483,2025-06-12 01:16:16.458,night,Saturday,23,Clear,10,100,normal
452,16,39.9473,-75.158,2024-11-17 02:43:46.993,afternoon,Thursday,26,Fog,8,200,normal
453,5,39.9935,-75.1243,2025-03-06 17:29:11.896,night,Saturday,23,Fog,9,300,normal
454,16,39.939,-75.1927,2024-12-19 16:52:11.911,morning,Saturday,73,Rain,22,750,anomalous
455,13,39.9068,-75.1662,2024-11-26 08:10:36.327,evening,Saturday,21,Fog,10,500,normal
456,12,39.9429,-75.1887,2025-05-15 13:36:22.802,morning,Friday,19,Rain,8,300,normal
457,18,39.9967,-75.1603,2025-09-14 19:51:57.413,afternoon,Saturday,51,Cloudy,8,500,normal
458,13,39.9956,-75.1241,2025-07-03 05:35:11.142,afternoon,Friday,37,Cloudy,3,100,normal
459,4,39.9246,-75.1584,2025-04-03 01:07:59.194,morning,Tuesday,53,Clear,8,500,normal
460,10,39.993,-75.1381,2025-08-17 01:01:46.356,night,Wednesday,26,Clear,8,750,normal
461,15,39.9858,-75.185,2025-06-23 09:26:40.063,afternoon,Friday,116,Clear,15,200,anomalous
462,10,39.9934,-75.1184,2025-01-19 17:26:01.285,evening,Friday,49,Clear,10,300,normal
463,3,39.9069,-75.1408,2025-03-03 20:19:30.135,morning,Saturday,26,Clear,10,100,normal
464,0,39.9258,-75.1219,2025-10-18 06:59:13.696,afternoon,Thursday,30,Cloudy,7,500,normal
465,10,39.9459,-75.1663,2025-01-30 23:15:53.016,evening,Sunday,19,Snow,5,200,normal
466,7,39.9096,-75.1318,2025-06-05 22:24:36.321,afternoon,Thursday,31,Cloudy,9,100,normal
467,11,39.9955,-75.1417,2025-07-23 15:23:37.616,evening,Sunday,68,Rain,22,750,anomalous
468,10,39.9461,-75.1833,2024-11-04 08:36:35.184,evening,Tuesday,34,Rain,5,300,normal
469,14,40.0006,-75.1902,2025-01-24 07:38:31.206,afternoon,Thursday,22,Rain,5,300,normal
470,15,39.9925,-75.1421,2025-08-21 07:15:30.249,afternoon,Monday,47,Cloudy,3,200,normal
471,12,39.9214,-75.1961,2025-05-20 02:44:02.107,evening,Thursday,28,Clear,5,500,normal
472,15,39.9625,-75.1997,2025-03-14 20:45:47.880,morning,Monday,32,Rain,10,500,normal
473,11,40.0011,-75.2015,2024-11-18 03:01:59.274,evening,Friday,35,Clear,10,200,normal
474,8,39.9116,-75.1179,2025-01-03 00:15:32.499,morning,Wednesday,67,Clear,14,100,anomalous
475,5,40.0009,-75.1304,2025-05-20 20:35:35.669,morning,Thursday,32,Rain,9,750,normal
476,17,39.9473,-75.1392,2024-12-06 01:55:23.331,afternoon,Tuesday,34,Clear,6,200,normal
477,9,39.9104,-75.166,2025-09-19 17:43:37.601,afternoon,Wednesday,41,Cloudy,7,300,normal
478,1,39.9756,-75.1409,2025-10-16 01:48:15.380,afternoon,Wednesday,36,Clear,6,300,normal
479,6,39.9572,-75.1837,2025-10-26 13:37:21.589,night,Saturday,39,Clear,7,300,normal
480,18,39.9098,-75.1937,2025-01-08 04:17:15.885,afternoon,Tuesday,80,Cloudy,14,750,normal
481,5,39.9246,-75.1414,2025-07-16 08:31:35.045,evening,Saturday,28,Clear,5,300,normal
482,7,39.9188,-75.12,2025-03-19 09:02:23.073,morning,Wednesday,41,Cloudy,10,200,normal
483,11,40.0012,-75.1921,2025-08-21 22:20:51.615,morning,Monday,46,Cloudy,5,100,normal
484,8,39.962,-75.1494,2025-06-25 20:53:02.287,morning,Sunday,95,Rain,16,200,anomalous
485,18,39.9239,-75.2007,2025-03-13 05:39:35.898,afternoon,Sunday,43,Clear,10,750,normal
486,2,39.9651,-75.1155,2024-11-11 17:05:20.599,morning,Wednesday,92,Clear,18,750,anomalous
487,11,39.9425,-75.2028,2025-09-09 06:31:08.196,afternoon,Wednesday,60,Cloudy,11,100,anomalous
488,6,39.9809,-75.2096,2025-09-13 20:23:41.095,evening,Thursday,18,Snow,8,300,normal
489,8,39.9174,-75.1713,2025-07-25 11:39:12.117,evening,Monday,43,Clear,4,200,normal
490,1,39.9266,-75.1557,2025-07-29 12:22:23.208,afternoon,Sunday,53,Cloudy,4,200,normal
491,4,39.9179,-75.1275,2025-02-02 22:27:15.315,evening,Wednesday,97,Clear,23,750,anomalous
492,5,39.9639,-75.1683,2025-08-03 19:32:26.192,night,Sunday,35,Clear,5,300,normal
493,13,39.9348,-75.1457,2025-05-27 06:46:59.541,afternoon,Monday,33,Clear,3,300,normal
494,13,39.9058,-75.212,2025-04-13 00:07:38.986,afternoon,Saturday,51,Cloudy,9,100,normal
495,15,39.9801,-75.1852,2025-04-01 02:12:21.232,night,Sunday,24,Cloudy,8,200,normal
496,1,39.9561,-75.1712,2024-11-15 20:26:45.985,night,Monday,38,Cloudy,8,200,normal
497,12,39.9102,-75.1356,2025-01-07 12:45:26.088,night,Friday,20,Snow,10,300,normal
498,10,39.982,-75.1217,2025-07-08 09:51:37.137,afternoon,Friday,65,Cloudy,19,200,anomalous
499,0,39.9667,-75.1741,2025-09-22 15:54:37.347,morning,Sunday,45,Cloudy,4,100,normal
500,15,39.977,-75.1501,2025-09-21 08:41:26.175,morning,Wednesday,48,Clear,3,300,normal
501,19,39.9912,-75.1559,2024-11-25 06:32:20.783,evening,Tuesday,35,Fog,2,200,normal
502,9,39.9333,-75.1373,2025-04-01 00:46:04.813,morning,Sunday,36,Fog,5,500,normal
503,7,39.9854,-75.1809,2025-10-07 23:38:41.569,night,Monday,109,Clear,20,300,anomalous
504,17,39.9528,-75.1544,2025-07-18 16:34:04.794,morning,Monday,32,Fog,2,750,normal
505,4,39.9726,-75.149,2025-01-20 09:59:00.972,afternoon,Monday,117,Fog,12,500,anomalous
506,11,39.9243,-75.204,2025-03-28 22:05:06.440,evening,Friday,40,Cloudy,1,100,normal
507,0,39.9839,-75.1798,2025-02-17 10:48:38.383,evening,Sunday,48,Clear,9,100,normal
508,6,39.9899,-75.1278,2025-07-17 23:31:16.831,morning,Wednesday,98,Cloudy,5,100,normal
509,1,39.9584,-75.2121,2025-07-14 20:37:58.386,morning,Thursday,39,Clear,2,100,normal
510,4,39.9829,-75.165,2024-12-12 09:02:45.921,morning,Tuesday,20,Fog,7,500,normal
511,10,39.9921,-75.1701,2024-11-04 19:26:22.357,morning,Wednesday,83,Snow,17,100,anomalous
512,9,39.9387,-75.1522,2024-11-05 12:16:21.439,afternoon,Saturday,45,Clear,9,500,normal
513,10,39.9243,-75.1379,2025-02-05 20:40:36.453,afternoon,Sunday,48,Cloudy,5,500,normal
514,14,39.9521,-75.1975,2025-03-08 02:41:10.595,night,Saturday,19,Fog,7,750,normal
515,13,39.9542,-75.1705,2024-11-15 04:57:53.801,evening,Friday,32,Clear,2,750,normal
516,6,39.9335,-75.1915,2025-05-28 20:21:54.533,afternoon,Monday,51,Cloudy,4,200,normal
517,2,39.9608,-75.1873,2025-07-06 17:42:29.144,night,Monday,40,Cloudy,3,500,normal
518,8,39.9311,-75.1201,2025-04-03 12:58:28.642,afternoon,Friday,102,Clear,17,500,anomalous
519,13,39.9967,-75.1696,2025-09-27 09:45:38.271,afternoon,Friday,31,Rain,7,200,normal
520,11,39.9893,-75.1671,2025-09-14 23:06:50.999,afternoon,Sunday,22,Snow,6,100,normal
521,2,39.9263,-75.1415,2025-04-14 22:47:25.974,afternoon,Monday,40,Cloudy,7,300,normal
522,11,39.9669,-75.2018,2025-01-25 10:55:29.237,night,Sunday,33,Clear,1,750,normal
523,10,39.9048,-75.1996,2025-02-13 09:09:18.672,night,Monday,28,Cloudy,2,500,normal
524,5,39.9235,-75.2006,2024-12-28 23:33:34.655,morning,Friday,48,Clear,6,500,normal
525,5,39.9364,-75.1734,2025-03-17 14:11:42.819,evening,Sunday,53,Clear,19,300,normal
526,6,39.9371,-75.1933,2025-04-22 15:30:44.111,afternoon,Thursday,24,Fog,8,200,normal
527,12,39.9706,-75.1268,2025-06-23 17:22:25.521,morning,Saturday,70,Cloudy,20,300,normal
528,10,39.9281,-75.187,2025-09-05 12:21:43.567,afternoon,Sunday,66,Cloudy,19,100,anomalous
529,19,39.9869,-75.2038,2025-02-28 19:36:56.172,night,Thursday,25,Snow,11,200,normal
530,11,39.9193,-75.1949,2025-06-13 22:49:01.364,evening,Tuesday,73,Cloudy,10,100,anomalous
531,16,39.9264,-75.1239,2025-04-14 16:09:25.378,morning,Tuesday,34,Clear,9,300,normal
532,9,39.9631,-75.2136,2024-12-24 03:42:41.911,evening,Monday,26,Rain,4,750,normal
533,18,39.9821,-75.1759,2025-03-22 08:39:19.473,morning,Saturday,45,Clear,1,500,normal
534,8,39.9992,-75.1464,2025-06-22 22:21:04.662,afternoon,Friday,31,Cloudy,5,300,normal
535,15,39.9242,-75.1673,2025-01-24 19:30:58.769,evening,Tuesday,52,Cloudy,10,100,normal
536,2,39.9438,-75.1189,2024-12-10 19:13:45.015,night,Sunday,23,Clear,3,100,normal
537,10,39.988,-75.1337,2025-07-21 16:23:02.356,evening,Sunday,75,Clear,15,200,normal
538,17,39.9118,-75.1878,2025-07-19 12:33:58.739,afternoon,Wednesday,78,Clear,21,100,anomalous
539,13,39.954,-75.1797,2025-02-15 18:41:37.975,evening,Sunday,47,Clear,3,750,normal
540,11,39.9956,-75.168,2025-05-31 04:16:25.524,afternoon,Sunday,25,Cloudy,1,300,normal
541,0,39.9197,-75.1513,2024-11-05 22:49:10.283,morning,Monday,96,Cloudy,18,500,normal
542,15,39.9968,-75.212,2024-12-28 03:07:41.197,afternoon,Tuesday,113,Clear,21,300,anomalous
543,7,39.9461,-75.1766,2025-08-21 17:54:53.549,afternoon,Thursday,49,Clear,7,100,normal
544,0,39.9547,-75.1884,2025-10-21 17:55:52.627,evening,Thursday,78,Cloudy,8,300,normal
545,12,39.9654,-75.142,2025-07-05 03:35:51.953,morning,Tuesday,47,Clear,7,200,normal
546,13,39.903,-75.2072,2024-11-01 02:26:57.904,evening,Sunday,35,Cloudy,2,750,normal
547,4,39.908,-75.1336,2025-04-17 02:35:41.034,night,Wednesday,74,Rain,11,500,anomalous
548,5,39.9845,-75.2001,2025-04-28 04:59:08.218,evening,Monday,28,Rain,3,500,normal
549,13,39.971,-75.145,2025-03-17 15:23:32.100,afternoon,Sunday,30,Rain,4,750,normal
550,10,39.9133,-75.1693,2025-08-16 14:05:43.099,night,Sunday,12,Snow,2,300,normal
551,0,39.9157,-75.1554,2025-03-25 15:28:04.643,evening,Thursday,28,Clear,3,300,normal
552,17,39.9895,-75.2004,2025-09-22 18:32:17.183,morning,Monday,40,Cloudy,10,500,normal
553,18,39.9323,-75.1669,2025-08-22 04:19:54.429,evening,Tuesday,120,Clear,17,750,normal
554,16,39.9681,-75.1955,2024-12-22 03:26:51.102,night,Friday,29,Fog,9,300,normal
555,10,40.0017,-75.1196,2025-10-06 04:01:32.933,night,Friday,41,Clear,6,750,normal
556,11,39.9808,-75.2115,2025-03-05 03:34:12.100,afternoon,Wednesday,43,Clear,1,200,normal
557,19,39.967,-75.2122,2024-11-19 21:14:50.164,evening,Friday,102,Rain,10,100,anomalous
558,16,39.9171,-75.1613,2025-06-17 04:08:05.006,morning,Saturday,38,Cloudy,8,200,normal
559,7,39.9734,-75.1361,2025-04-22 19:56:20.617,morning,Thursday,34,Clear,2,750,normal
560,9,40.001,-75.1866,2025-09-14 19:51:33.771,afternoon,Wednesday,32,Rain,7,300,normal
561,14,39.9377,-75.206,2025-09-20 19:28:42.839,evening,Thursday,41,Clear,5,750,normal
562,1,39.9264,-75.1323,2025-03-13 17:38:23.246,evening,Wednesday,117,Fog,24,300,anomalous
563,10,39.998,-75.2039,2025-08-26 02:24:19.729,afternoon,Sunday,35,Rain,8,100,normal
564,11,39.9543,-75.1908,2024-10-31 02:56:52.066,evening,Thursday,27,Cloudy,8,100,normal
565,3,39.9147,-75.1332,2025-02-28 19:56:22.352,morning,Sunday,39,Cloudy,6,100,normal
566,12,39.9173,-75.1592,2025-04-12 22:19:29.857,afternoon,Wednesday,15,Snow,6,100,normal
567,17,39.9588,-75.1982,2025-05-19 15:55:52.164,morning,Wednesday,97,Cloudy,12,100,normal
568,17,39.9111,-75.1806,2025-08-21 19:34:53.160,night,Tuesday,38,Cloudy,5,750,normal
569,16,39.9098,-75.1878,2024-11-12 23:09:11.692,afternoon,Wednesday,22,Fog,3,200,normal
570,9,39.931,-75.1585,2025-01-16 03:09:34.070,evening,Sunday,29,Clear,8,200,normal
571,14,39.9443,-75.1579,2025-04-15 02:34:25.865,afternoon,Sunday,28,Clear,3,100,normal
572,0,39.9443,-75.1269,2024-11-26 01:22:35.113,evening,Thursday,91,Cloudy,10,750,normal
573,11,39.9614,-75.1489,2025-01-04 13:11:15.435,night,Tuesday,33,Clear,5,300,normal
574,13,39.9808,-75.1162,2025-01-13 02:40:46.842,morning,Wednesday,116,Cloudy,19,200,anomalous
575,17,39.9183,-75.197,2024-12-05 07:41:21.128,evening,Tuesday,89,Clear,16,750,anomalous
576,3,39.9371,-75.1754,2025-09-28 03:35:38.715,night,Tuesday,34,Cloudy,2,750,normal
577,19,39.9481,-75.2131,2024-11-12 23:49:48.348,night,Tuesday,20,Rain,1,100,normal
578,2,39.9376,-75.2019,2024-12-09 22:46:04.207,afternoon,Wednesday,114,Rain,21,500,anomalous
579,13,39.9185,-75.1167,2025-09-24 08:32:22.082,night,Friday,63,Cloudy,20,750,normal
580,4,39.9162,-75.1788,2024-11-12 14:12:36.962,evening,Thursday,41,Cloudy,9,100,normal
581,11,40.0005,-75.1278,2025-08-24 01:08:18.916,afternoon,Saturday,53,Clear,3,750,normal
582,16,39.9291,-75.148,2025-03-22 01:11:57.652,night,Wednesday,24,Rain,7,200,normal
583,1,39.997,-75.1579,2025-01-08 00:34:12.191,evening,Friday,38,Fog,7,750,normal
584,0,39.9876,-75.1332,2025-03-07 14:02:19.653,night,Tuesday,32,Clear,10,750,normal
585,4,39.9674,-75.1355,2025-05-16 00:01:19.102,night,Wednesday,28,Fog,8,750,normal
586,9,39.9469,-75.1807,2025-08-27 17:02:36.544,afternoon,Saturday,51,Cloudy,4,100,normal
587,17,39.9326,-75.1386,2025-01-10 06:37:30.834,night,Tuesday,24,Cloudy,9,100,normal
588,7,39.969,-75.1846,2025-08-23 02:46:10.104,morning,Friday,44,Clear,6,500,normal
589,7,39.972,-75.1764,2025-10-01 09:39:27.161,afternoon,Sunday,43,Cloudy,5,100,normal
590,8,39.9453,-75.1201,2025-10-16 12:55:59.916,night,Wednesday,64,Clear,17,500,anomalous
591,2,39.9799,-75.1671,2025-03-01 18:42:22.478,night,Sunday,40,Clear,4,750,normal
592,6,39.9851,-75.2014,2025-04-06 17:09:46.674,afternoon,Sunday,54,Cloudy,6,100,normal
593,15,39.9639,-75.2018,2025-04-14 09:35:54.742,night,Wednesday,81,Rain,13,750,anomalous
594,0,39.9503,-75.1211,2025-08-17 02:17:51.046,morning,Monday,16,Snow,10,300,normal
595,2,39.9945,-75.1369,2025-05-03 09:57:26.418,morning,Wednesday,90,Fog,19,200,anomalous
596,1,39.925,-75.1573,2024-11-08 17:21:09.912,night,Thursday,112,Cloudy,13,500,anomalous
597,9,39.9753,-75.1403,2025-08-17 21:29:56.931,afternoon,Wednesday,53,Cloudy,9,300,normal
598,6,39.9466,-75.212,2024-11-26 03:28:42.663,night,Thursday,40,Cloudy,1,200,normal
599,8,39.9675,-75.1443,2025-10-22 05:14:45.696,morning,Wednesday,52,Clear,20,100,normal
600,4,39.9742,-75.1946,2025-01-24 09:17:44.582,evening,Thursday,36,Cloudy,5,200,normal
601,4,39.9357,-75.1639,2025-03-21 14:42:09.368,evening,Wednesday,68,Rain,20,500,anomalous
602,5,39.966,-75.1444,2025-05-09 12:36:39.241,afternoon,Thursday,102,Fog,24,750,anomalous
603,5,39.9858,-75.2031,2025-07-10 22:09:22.566,afternoon,Tuesday,65,Cloudy,13,300,anomalous
604,11,39.9993,-75.1176,2025-02-25 19:22:26.514,evening,Thursday,32,Clear,8,750,normal
605,18,39.9918,-75.1317,2025-05-02 12:58:25.830,evening,Thursday,61,Clear,18,750,anomalous
606,18,40.0023,-75.1449,2025-04-07 04:16:58.899,evening,Monday,25,Snow,10,200,normal
607,1,39.9041,-75.2102,2025-10-13 19:20:46.807,night,Friday,29,Clear,7,500,normal
608,13,39.9479,-75.1277,2025-09-04 13:41:05.304,morning,Saturday,120,Clear,11,750,normal
609,14,39.9384,-75.1266,2025-04-18 22:48:20.300,night,Wednesday,32,Clear,6,750,normal
610,13,39.924,-75.1633,2025-08-28 10:23:11.271,evening,Sunday,54,Clear,3,750,normal
611,1,39.9924,-75.124,2025-08-10 00:34:09.480,night,Thursday,43,Clear,2,500,normal
612,11,39.9193,-75.1435,2025-04-21 07:21:41.429,morning,Tuesday,36,Clear,7,200,normal
613,8,39.9275,-75.1184,2025-02-21 11:59:28.338,evening,Saturday,63,Cloudy,16,500,anomalous
614,19,39.9722,-75.1652,2025-09-05 09:56:21.045,morning,Sunday,30,Cloudy,8,100,normal
615,3,39.9427,-75.1353,2024-11-12 05:00:38.248,night,Wednesday,24,Clear,5,750,normal
616,11,39.9757,-75.215,2025-07-29 11:32:59.840,afternoon,Monday,26,Rain,3,500,normal
617,18,39.9647,-75.1838,2025-09-21 14:06:03.315,afternoon,Wednesday,38,Cloudy,5,500,normal
618,1,39.9844,-75.1619,2024-12-22 00:55:36.676,afternoon,Tuesday,26,Cloudy,9,500,normal
619,19,39.9092,-75.1168,2025-09-02 18:12:37.803,night,Wednesday,23,Clear,4,750,normal
620,11,39.9799,-75.1766,2025-01-21 15:56:12.202,morning,Wednesday,26,Snow,4,500,normal
621,8,39.9932,-75.1262,2025-07-20 05:47:30.967,night,Sunday,24,Clear,5,750,normal
622,11,39.9328,-75.1922,2025-03-13 15:42:50.300,afternoon,Saturday,28,Fog,6,100,normal
623,7,39.942,-75.1851,2024-11-23 17:12:28.875,night,Friday,27,Clear,1,100,normal
624,7,39.9511,-75.2145,2025-09-16 01:08:25.340,morning,Tuesday,27,Rain,10,500,normal
625,10,40.0004,-75.1803,2025-01-15 04:57:10.744,afternoon,Wednesday,55,Cloudy,5,300,normal
626,5,39.9064,-75.1491,2025-04-03 19:47:28.500,afternoon,Tuesday,69,Clear,13,300,anomalous
627,8,39.9062,-75.1777,2025-03-25 22:05:25.874,evening,Tuesday,32,Clear,10,500,normal
628,14,39.9195,-75.1874,2025-10-29 04:26:40.090,evening,Monday,46,Cloudy,2,100,normal
629,1,39.9914,-75.1813,2024-11-28 12:19:03.722,morning,Saturday,50,Cloudy,5,100,normal
630,12,39.9916,-75.1661,2025-01-15 00:32:54.084,night,Saturday,30,Cloudy,2,200,normal
631,3,39.9625,-75.1974,2025-07-08 20:52:21.095,night,Monday,67,Rain,20,750,anomalous
632,8,39.9912,-75.1547,2024-11-08 20:27:00.426,night,Saturday,106,Rain,11,200,anomalous
633,18,39.9253,-75.1485,2025-03-08 09:44:16.322,night,Monday,23,Rain,4,750,normal
634,14,39.9363,-75.1332,2025-08-25 23:02:51.634,morning,Wednesday,85,Clear,23,100,anomalous
635,7,39.9465,-75.1587,2025-03-21 05:22:11.832,afternoon,Thursday,48,Clear,9,200,normal
636,18,39.9514,-75.1946,2025-09-24 23:23:16.170,morning,Wednesday,34,Fog,2,750,normal
637,9,39.9616,-75.1843,2025-03-03 00:36:17.147,night,Sunday,39,Clear,2,500,normal
638,2,39.994,-75.144,2025-02-07 22:00:45.472,evening,Saturday,51,Cloudy,3,500,normal
639,7,39.9701,-75.1202,2025-06-22 19:25:56.218,evening,Friday,84,Clear,13,200,anomalous
640,7,39.9987,-75.2087,2025-08-07 03:16:37.503,morning,Saturday,39,Cloudy,9,300,normal
641,14,39.9917,-75.1247,2024-12-05 17:22:00.833,evening,Friday,112,Rain,15,200,anomalous
642,6,39.9744,-75.1421,2024-11-29 23:41:27.396,night,Friday,32,Cloudy,5,300,normal
643,13,39.9404,-75.1378,2025-04-15 01:31:04.074,afternoon,Saturday,108,Clear,20,300,normal
644,18,39.9353,-75.1937,2025-08-04 21:15:41.652,night,Monday,24,Cloudy,2,750,normal
645,9,39.9971,-75.1258,2024-11-17 09:29:15.515,morning,Monday,54,Clear,9,500,normal
646,1,39.9457,-75.1969,2025-05-24 07:26:49.829,night,Thursday,28,Cloudy,2,300,normal
647,9,39.9909,-75.1709,2025-06-27 23:44:53.231,evening,Thursday,54,Cloudy,1,300,normal
648,5,39.9803,-75.2105,2025-09-13 04:06:03.463,evening,Sunday,55,Clear,8,500,normal
649,5,39.9522,-75.1199,2025-03-02 09:54:36.530,afternoon,Thursday,54,Clear,20,300,normal
650,5,39.9906,-75.21,2025-10-07 21:09:39.683,evening,Friday,111,Cloudy,18,100,anomalous
651,3,40.002,-75.1924,2025-04-20 14:39:22.864,afternoon,Tuesday,53,Clear,7,100,normal
652,10,40.0018,-75.1514,2025-04-27 06:07:32.436,afternoon,Tuesday,54,Clear,2,100,normal
653,7,39.9416,-75.1765,2025-08-17 15:03:30.363,afternoon,Thursday,30,Rain,8,200,normal
654,9,39.9629,-75.1872,2025-08-12 14:13:36.917,afternoon,Wednesday,53,Cloudy,5,500,normal
655,4,39.9519,-75.1291,2025-04-13 22:45:07.577,morning,Saturday,46,Clear,3,750,normal
656,9,39.9169,-75.1604,2025-06-02 16:15:24.387,night,Wednesday,40,Cloudy,6,100,normal
657,1,39.9953,-75.2099,2024-11-08 21:57:34.864,morning,Thursday,29,Fog,8,300,normal
658,2,39.9108,-75.2142,2025-03-29 02:36:10.315,evening,Tuesday,43,Cloudy,4,100,normal
659,8,39.9968,-75.1845,2025-08-16 20:08:01.698,night,Monday,26,Clear,5,200,normal
660,12,39.9688,-75.1686,2025-09-08 07:13:55.843,afternoon,Wednesday,33,Clear,5,300,normal
661,0,39.9345,-75.1245,2025-04-18 13:39:06.770,morning,Sunday,36,Clear,5,200,normal
662,3,39.9385,-75.2068,2025-03-22 22:27:35.412,afternoon,Thursday,98,Rain,17,750,anomalous
663,4,39.9547,-75.1518,2025-06-16 17:09:38.162,night,Tuesday,48,Cloudy,19,100,normal
664,17,39.9764,-75.198,2025-07-19 21:39:43.120,morning,Saturday,43,Rain,20,500,normal
665,9,39.9866,-75.2037,2025-02-03 01:05:24.543,afternoon,Wednesday,30,Rain,1,300,normal
666,11,39.9925,-75.184,2025-08-15 00:07:14.885,afternoon,Thursday,50,Clear,7,500,normal
667,16,39.9172,-75.1678,2025-09-17 00:19:32.761,evening,Tuesday,67,Fog,7,500,normal
668,0,39.9803,-75.1998,2025-01-30 00:39:40.599,night,Tuesday,112,Clear,10,500,anomalous
669,11,39.9796,-75.1623,2025-06-28 04:29:46.530,afternoon,Monday,30,Cloudy,9,100,normal
670,0,39.9566,-75.1921,2025-10-21 00:05:19.270,afternoon,Monday,70,Rain,14,200,anomalous
671,6,39.9913,-75.1508,2025-09-16 00:13:25.898,evening,Wednesday,27,Cloudy,3,200,normal
672,19,39.9413,-75.1675,2025-10-17 01:41:39.747,night,Sunday,37,Clear,7,200,normal
673,19,39.9622,-75.1537,2025-01-20 15:36:48.533,afternoon,Tuesday,101,Clear,15,200,normal
674,11,39.9636,-75.1342,2025-08-23 05:03:26.923,night,Friday,18,Fog,6,100,normal
675,10,39.9473,-75.1665,2025-04-14 07:46:24.175,evening,Saturday,63,Clear,11,500,anomalous
676,17,39.9792,-75.1458,2025-05-09 01:07:10.424,evening,Sunday,31,Rain,1,100,normal
677,0,39.9904,-75.1993,2024-11-10 22:50:43.123,evening,Sunday,36,Rain,5,300,normal
678,1,39.9532,-75.1957,2024-11-18 03:27:18.996,morning,Friday,50,Clear,5,500,normal
679,7,39.9095,-75.2134,2025-07-08 15:22:43.117,night,Wednesday,102,Clear,20,500,normal
680,7,39.9725,-75.1661,2025-05-27 18:13:50.485,morning,Monday,18,Fog,2,500,normal
681,14,39.9201,-75.1258,2025-04-27 02:56:02.954,morning,Tuesday,47,Clear,1,500,normal
682,11,39.9163,-75.1438,2025-09-25 13:26:26.536,morning,Tuesday,27,Rain,7,300,normal
683,5,39.9355,-75.1407,2025-06-11 19:25:53.059,morning,Tuesday,38,Fog,7,750,normal
684,19,39.9867,-75.1569,2025-09-01 04:46:36.856,night,Friday,41,Clear,5,300,normal
685,2,39.9911,-75.1637,2024-11-23 15:36:43.205,night,Wednesday,39,Cloudy,9,100,normal
686,14,40.0008,-75.1803,2025-01-10 18:56:30.813,evening,Sunday,43,Clear,3,300,normal
687,10,39.9036,-75.1416,2025-08-08 00:57:13.599,night,Friday,24,Rain,9,100,normal
688,14,39.9156,-75.1495,2025-06-16 02:18:05.198,evening,Friday,63,Cloudy,8,100,normal
689,13,39.98,-75.1942,2025-07-07 02:57:41.008,evening,Sunday,35,Fog,7,200,normal
690,18,39.9495,-75.1219,2025-05-07 14:50:06.943,night,Wednesday,28,Cloudy,5,500,normal
691,9,39.9641,-75.1312,2024-12-03 06:57:48.278,evening,Saturday,36,Cloudy,9,750,normal
692,11,39.9583,-75.1733,2025-03-06 10:24:15.566,evening,Tuesday,87,Clear,11,300,normal
693,14,39.9523,-75.1992,2025-07-02 07:35:37.972,night,Tuesday,86,Cloudy,10,200,normal
694,6,39.9248,-75.1411,2025-05-18 16:41:14.698,evening,Sunday,56,Cloudy,9,200,normal
695,19,39.978,-75.1192,2024-11-27 16:08:49.524,night,Saturday,115,Clear,13,500,anomalous
696,0,39.9328,-75.1204,2025-04-17 05:20:28.545,night,Tuesday,19,Fog,4,100,normal
697,16,39.9489,-75.2006,2025-05-18 15:10:23.038,evening,Sunday,28,Clear,3,100,normal
698,0,39.9089,-75.2,2025-05-15 16:23:46.539,afternoon,Wednesday,39,Clear,5,100,normal
699,17,39.9813,-75.1924,2025-01-20 06:17:57.599,evening,Friday,21,Fog,7,200,normal
700,13,39.936,-75.1383,2025-01-12 12:35:38.231,morning,Friday,38,Clear,1,300,normal
701,0,39.9227,-75.1303,2025-10-23 21:32:47.195,morning,Monday,32,Clear,10,300,normal
702,3,39.9482,-75.1826,2025-04-25 03:19:50.638,evening,Wednesday,82,Fog,20,100,anomalous
703,3,39.9942,-75.2036,2025-01-15 17:24:31.547,night,Monday,33,Clear,8,500,normal
704,11,39.9196,-75.1646,2025-03-19 15:59:42.481,afternoon,Wednesday,104,Clear,10,500,anomalous
705,17,39.9265,-75.1641,2025-04-02 09:10:53.350,night,Thursday,20,Fog,8,100,normal
706,6,39.9302,-75.1896,2025-09-20 19:06:43.878,morning,Saturday,53,Snow,3,500,normal
707,7,39.9255,-75.1696,2025-08-07 03:49:26.921,morning,Sunday,26,Cloudy,10,200,normal
708,0,39.933,-75.1795,2025-01-31 11:12:42.635,evening,Monday,35,Fog,9,500,normal
709,2,39.9272,-75.1359,2025-09-23 00:44:24.020,night,Tuesday,45,Cloudy,20,500,normal
710,7,39.9911,-75.1961,2025-03-23 01:41:18.986,night,Monday,104,Cloudy,14,300,anomalous
711,13,39.9254,-75.157,2025-09-21 18:48:37.229,morning,Monday,30,Fog,7,200,normal
712,7,39.9296,-75.1228,2025-08-21 09:17:04.996,night,Tuesday,25,Fog,8,750,normal
713,5,39.9791,-75.1945,2025-04-28 02:03:34.669,afternoon,Tuesday,38,Fog,6,750,normal
714,5,39.9544,-75.1653,2025-07-23 03:58:24.786,morning,Monday,36,Clear,6,500,normal
715,4,39.986,-75.1159,2025-03-24 00:12:09.894,morning,Monday,36,Rain,4,300,normal
716,4,39.9622,-75.1207,2025-10-20 08:26:15.864,morning,Monday,28,Rain,8,500,normal
717,13,39.9928,-75.1804,2025-10-06 04:58:31.924,night,Friday,27,Rain,3,200,normal
718,13,39.9306,-75.1384,2024-12-09 22:45:00.784,afternoon,Sunday,39,Cloudy,10,500,normal
719,17,39.9697,-75.1837,2025-03-23 20:52:56.317,afternoon,Monday,63,Clear,12,500,anomalous
720,6,39.9218,-75.1781,2025-08-28 10:14:51.038,evening,Wednesday,49,Clear,1,200,normal
721,18,39.9883,-75.1881,2025-05-25 16:57:50.093,morning,Monday,52,Cloudy,1,200,normal
722,7,39.9875,-75.1453,2025-06-13 11:03:10.610,evening,Wednesday,27,Cloudy,1,200,normal
723,8,39.9551,-75.1882,2025-01-18 06:24:07.084,night,Wednesday,92,Clear,12,200,anomalous
724,13,39.9309,-75.1434,2025-09-15 02:18:34.574,afternoon,Monday,90,Clear,14,300,anomalous
725,6,39.9275,-75.1692,2025-05-28 19:05:02.965,afternoon,Saturday,47,Clear,1,300,normal
726,10,39.9265,-75.1508,2025-02-02 17:11:16.287,morning,Thursday,44,Clear,6,200,normal
727,8,39.9653,-75.1208,2025-09-02 18:58:03.364,afternoon,Friday,62,Cloudy,13,300,normal
728,9,39.9511,-75.2047,2025-09-17 09:20:35.725,night,Saturday,26,Clear,1,300,normal
729,15,39.9499,-75.1685,2024-12-09 20:43:14.790,morning,Friday,33,Cloudy,3,500,normal
730,6,39.9218,-75.2111,2025-01-17 09:45:28.365,morning,Thursday,19,Rain,10,100,normal
731,11,39.9236,-75.1773,2025-04-10 01:19:22.425,afternoon,Friday,29,Clear,7,200,normal
732,7,39.9467,-75.1795,2025-02-11 01:27:51.949,evening,Saturday,37,Clear,3,300,normal
733,5,39.975,-75.2104,2025-09-20 14:59:46.724,evening,Thursday,62,Rain,23,100,anomalous
734,17,39.987,-75.1358,2025-04-11 15:52:39.827,afternoon,Tuesday,37,Cloudy,9,100,normal
735,0,39.9118,-75.1643,2024-11-09 06:49:55.352,night,Thursday,21,Rain,9,100,normal
736,15,39.9441,-75.1899,2025-08-04 18:14:36.557,afternoon,Friday,31,Cloudy,5,100,normal
737,9,39.9982,-75.1168,2025-06-15 00:12:24.646,afternoon,Tuesday,41,Clear,6,200,normal
738,17,39.9331,-75.1443,2025-04-10 02:49:26.301,morning,Saturday,74,Clear,21,750,anomalous
739,14,39.9563,-75.1304,2025-06-10 10:56:07.373,morning,Friday,49,Clear,9,200,normal
740,5,39.9763,-75.1368,2025-10-11 03:01:21.574,night,Tuesday,15,Fog,5,200,normal
741,9,39.915,-75.2094,2025-04-24 17:53:45.737,afternoon,Friday,34,Cloudy,9,200,normal
742,5,39.9384,-75.1635,2025-01-10 19:35:01.793,afternoon,Friday,71,Fog,13,200,anomalous
743,16,39.9408,-75.207,2025-04-26 23:23:30.094,evening,Friday,28,Fog,9,750,normal
744,4,39.9517,-75.1179,2025-07-10 02:29:01.954,morning,Monday,31,Snow,10,750,normal
745,14,39.9315,-75.1627,2024-12-22 17:51:28.538,afternoon,Friday,52,Clear,2,500,normal
746,16,39.9471,-75.1953,2025-05-20 07:22:51.548,evening,Thursday,51,Clear,1,750,normal
747,1,39.9568,-75.1312,2025-04-14 20:06:53.138,evening,Saturday,72,Clear,12,200,anomalous
748,19,39.9905,-75.1869,2025-08-07 19:53:18.062,night,Wednesday,27,Rain,1,100,normal
749,7,39.9468,-75.1351,2025-08-23 08:18:01.025,morning,Sunday,51,Cloudy,6,200,normal
750,9,39.983,-75.1379,2024-12-03 14:55:37.859,night,Monday,71,Rain,13,750,anomalous
751,5,40.0005,-75.1241,2025-03-12 20:40:59.245,morning,Wednesday,25,Fog,3,300,normal
752,13,39.9284,-75.1208,2025-08-14 00:55:49.729,afternoon,Thursday,54,Clear,3,500,normal
753,10,40.002,-75.1751,2025-07-20 06:33:57.758,morning,Sunday,68,Clear,18,100,normal
754,3,39.9162,-75.1505,2025-10-06 22:43:42.684,night,Wednesday,110,Cloudy,15,300,anomalous
755,1,39.9559,-75.1693,2025-08-30 14:20:49.114,morning,Tuesday,59,Rain,17,500,normal
756,15,39.9814,-75.1511,2025-01-25 18:21:43.915,morning,Tuesday,28,Rain,10,500,normal
757,16,39.9983,-75.1888,2025-06-23 21:05:27.560,morning,Saturday,61,Cloudy,9,300,normal
758,11,39.9137,-75.1317,2025-10-06 09:51:42.451,morning,Thursday,26,Cloudy,8,100,normal
759,12,39.9731,-75.1222,2025-06-09 16:00:36.378,night,Saturday,25,Cloudy,5,500,normal
760,2,39.9382,-75.1213,2025-01-08 19:27:22.248,afternoon,Thursday,51,Cloudy,8,500,normal
761,7,39.997,-75.1787,2024-12-06 06:28:56.428,night,Sunday,35,Clear,7,100,normal
762,13,39.9823,-75.1346,2025-05-20 19:16:45.406,afternoon,Saturday,53,Clear,10,500,normal
763,7,39.9479,-75.1457,2025-09-02 21:54:06.432,night,Friday,21,Snow,7,100,normal
764,10,39.9083,-75.1482,2025-03-22 10:59:19.577,morning,Sunday,30,Fog,5,200,normal
765,17,39.9746,-75.1298,2025-07-29 07:51:03.406,morning,Thursday,79,Rain,24,200,anomalous
766,13,39.9505,-75.1603,2025-05-23 23:50:46.993,afternoon,Wednesday,36,Cloudy,1,200,normal
767,10,39.9969,-75.1745,2025-06-30 12:19:19.191,evening,Thursday,69,Clear,2,200,normal
768,13,39.9909,-75.1917,2025-01-21 23:43:30.678,morning,Sunday,71,Clear,2,300,normal
769,16,39.9402,-75.2083,2025-02-13 19:19:51.632,morning,Saturday,41,Cloudy,5,750,normal
770,14,39.9633,-75.1961,2025-04-20 10:59:53.301,afternoon,Tuesday,29,Rain,4,200,normal
771,10,39.9353,-75.1594,2024-11-29 01:20:38.607,night,Saturday,23,Fog,5,750,normal
772,7,39.9587,-75.1153,2025-05-22 23:48:16.798,night,Wednesday,22,Clear,4,500,normal
773,17,39.9437,-75.1158,2024-12-18 05:26:47.997,night,Thursday,41,Cloudy,5,100,normal
774,12,39.9141,-75.1709,2025-08-27 11:55:24.239,afternoon,Tuesday,36,Cloudy,1,750,normal
775,2,39.912,-75.1935,2024-11-12 15:13:53.478,morning,Sunday,47,Cloudy,9,750,normal
776,17,39.9079,-75.206,2025-01-06 14:02:24.907,evening,Friday,50,Cloudy,6,500,normal
777,18,40.0026,-75.1293,2025-08-31 03:33:43.856,evening,Saturday,83,Cloudy,20,500,anomalous
778,2,39.908,-75.1901,2025-02-08 10:43:35.456,evening,Tuesday,80,Cloudy,20,500,normal
779,7,39.934,-75.2011,2025-10-12 16:56:18.242,evening,Monday,28,Clear,4,300,normal
780,14,39.9761,-75.2074,2025-01-30 10:52:03.972,afternoon,Thursday,51,Cloudy,1,750,normal
781,17,39.9162,-75.1411,2025-03-28 01:04:25.732,afternoon,Monday,46,Clear,4,500,normal
782,17,39.9317,-75.1569,2025-06-03 05:37:46.582,afternoon,Tuesday,65,Clear,17,200,anomalous
783,14,39.9324,-75.1565,2024-12-18 01:33:06.746,afternoon,Wednesday,33,Cloudy,1,750,normal
784,7,39.9817,-75.1329,2025-02-17 16:31:42.365,night,Tuesday,42,Clear,3,100,normal
785,16,40.001,-75.1672,2025-10-26 09:05:42.158,evening,Sunday,116,Cloudy,2,750,normal
786,8,39.9637,-75.126,2025-10-30 13:27:29.221,night,Thursday,42,Clear,3,100,normal
787,9,39.9889,-75.1799,2025-05-10 08:32:03.149,evening,Friday,50,Rain,20,200,normal
788,8,39.903,-75.1854,2025-04-05 18:54:33.408,afternoon,Saturday,71,Clear,11,100,anomalous
789,2,39.9669,-75.1362,2025-06-17 10:15:42.251,night,Monday,16,Rain,8,300,normal
790,19,39.9285,-75.2096,2025-04-07 10:23:54.572,afternoon,Friday,74,Clear,19,200,normal
791,3,39.9163,-75.1345,2025-04-20 22:21:42.482,morning,Friday,80,Clear,20,100,normal
792,3,39.9372,-75.1436,2025-07-28 10:44:33.590,afternoon,Wednesday,80,Clear,14,200,anomalous
793,10,39.9866,-75.1676,2025-09-07 16:19:01.725,night,Friday,36,Cloudy,9,500,normal
794,5,39.906,-75.1599,2025-05-19 18:49:49.503,morning,Friday,49,Cloudy,8,750,normal
795,19,39.9057,-75.1673,2025-09-02 14:17:38.523,night,Saturday,17,Rain,6,750,normal
796,2,39.9816,-75.186,2025-09-21 11:23:02.883,night,Thursday,22,Rain,1,100,normal
797,7,39.9137,-75.1896,2025-01-14 10:35:06.725,afternoon,Thursday,23,Rain,7,500,normal
798,16,39.9503,-75.1476,2025-05-24 19:14:15.021,night,Saturday,19,Rain,8,200,normal
799,19,39.9123,-75.1412,2025-09-10 09:24:54.418,night,Friday,66,Cloudy,20,100,normal
800,6,39.968,-75.1526,2025-04-30 14:03:09.330,morning,Sunday,73,Rain,2,100,normal
801,4,39.9077,-75.1774,2025-01-06 01:20:16.546,morning,Saturday,90,Clear,9,750,normal
802,15,39.9422,-75.1949,2024-12-21 07:30:26.965,morning,Sunday,38,Rain,4,200,normal
803,5,39.9962,-75.1974,2025-08-20 13:18:58.878,evening,Monday,69,Clear,8,300,normal
804,8,39.9579,-75.1248,2025-04-05 15:07:18.090,night,Friday,43,Clear,9,500,normal
805,16,39.9762,-75.1799,2025-10-29 06:54:34.771,evening,Friday,107,Fog,24,500,anomalous
806,17,39.9853,-75.2126,2025-05-03 10:26:49.804,evening,Wednesday,26,Rain,9,300,normal
807,9,39.9323,-75.1212,2025-06-21 20:14:58.780,night,Tuesday,20,Clear,4,300,normal
808,11,39.9507,-75.1718,2025-07-31 22:31:35.013,night,Tuesday,46,Cloudy,2,100,normal
809,6,39.9288,-75.1945,2025-01-08 09:36:23.683,evening,Thursday,84,Cloudy,5,750,normal
810,1,39.9936,-75.1995,2024-11-04 17:40:25.627,afternoon,Saturday,28,Clear,6,750,normal
811,7,39.9172,-75.1325,2025-04-02 21:19:59.217,evening,Thursday,22,Rain,8,100,normal
812,5,39.9635,-75.1832,2025-10-25 04:07:10.041,evening,Saturday,108,Rain,19,750,anomalous
813,16,39.9477,-75.1218,2024-12-15 19:03:37.204,evening,Monday,97,Clear,11,300,anomalous
814,10,39.9033,-75.2042,2025-06-15 20:36:22.061,morning,Sunday,75,Clear,12,300,anomalous
815,9,39.9266,-75.2062,2024-11-09 22:06:20.493,night,Saturday,20,Snow,3,750,normal
816,10,39.989,-75.1556,2024-12-01 05:30:22.933,afternoon,Saturday,72,Clear,22,100,anomalous
817,9,39.907,-75.1599,2025-07-29 17:15:22.988,morning,Friday,33,Fog,9,750,normal
818,9,39.9933,-75.1662,2025-07-16 16:12:48.312,evening,Sunday,42,Cloudy,6,300,normal
819,16,39.9708,-75.2036,2025-09-27 06:24:37.609,night,Wednesday,39,Rain,20,300,normal
820,1,39.9425,-75.1434,2024-11-16 04:43:19.133,afternoon,Sunday,44,Clear,6,500,normal
821,13,39.9154,-75.1998,2025-01-08 22:55:23.389,night,Thursday,22,Clear,10,500,normal
822,5,39.9871,-75.1579,2025-08-10 10:36:28.896,afternoon,Saturday,94,Cloudy,4,100,normal
823,12,39.9646,-75.1512,2024-11-06 23:50:53.249,morning,Sunday,39,Cloudy,4,500,normal
824,12,39.9844,-75.2045,2025-08-28 07:02:52.366,afternoon,Monday,22,Rain,4,300,normal
825,5,39.9853,-75.1832,2024-11-24 19:34:09.523,night,Tuesday,28,Rain,6,200,normal
826,5,39.9073,-75.1285,2024-11-11 19:32:26.583,evening,Monday,44,Clear,3,500,normal
827,15,39.9514,-75.1745,2025-10-22 04:50:43.912,evening,Thursday,29,Clear,3,100,normal
828,6,39.9619,-75.213,2025-05-19 10:00:05.034,afternoon,Saturday,44,Clear,4,300,normal
829,8,39.9266,-75.1869,2025-08-25 02:16:43.394,evening,Wednesday,79,Fog,14,300,anomalous
830,19,39.9768,-75.2081,2025-02-13 10:25:46.831,morning,Monday,92,Cloudy,14,200,anomalous
831,13,39.9369,-75.1811,2025-10-17 00:24:32.170,evening,Friday,46,Cloudy,8,500,normal
832,0,39.9762,-75.174,2024-12-20 08:48:28.122,evening,Monday,33,Clear,3,500,normal
833,15,39.9438,-75.1192,2025-02-27 07:31:36.126,evening,Monday,60,Fog,16,750,normal
834,5,39.9939,-75.1203,2025-02-11 06:54:01.721,morning,Thursday,51,Clear,3,100,normal
835,6,39.9508,-75.1756,2024-11-01 20:12:18.321,morning,Monday,52,Cloudy,10,300,normal
836,19,39.9827,-75.1998,2025-10-25 04:28:05.874,evening,Sunday,19,Fog,1,750,normal
837,2,39.9352,-75.1831,2025-05-09 16:19:18.096,night,Friday,35,Clear,1,100,normal
838,1,39.929,-75.2095,2025-07-31 08:05:45.273,night,Friday,105,Cloudy,20,200,anomalous
839,4,39.9572,-75.1695,2025-10-19 01:23:22.803,morning,Sunday,48,Clear,7,300,normal
840,14,39.9266,-75.1159,2025-07-13 11:52:08.978,evening,Friday,120,Cloudy,20,200,normal
841,11,40.0007,-75.1774,2024-11-08 11:06:23.272,evening,Wednesday,105,Clear,17,750,anomalous
842,2,39.978,-75.1534,2024-12-03 05:01:22.907,morning,Monday,29,Clear,3,300,normal
843,9,39.9879,-75.1334,2024-12-26 20:38:38.208,morning,Tuesday,34,Fog,2,100,normal
844,15,39.9563,-75.209,2025-07-15 17:39:15.247,evening,Monday,34,Rain,10,300,normal
845,4,39.905,-75.1463,2025-01-28 18:46:41.374,night,Friday,21,Clear,10,500,normal
846,19,39.9205,-75.1735,2025-07-02 05:20:24.882,morning,Saturday,47,Clear,1,200,normal
847,3,39.903,-75.1841,2024-11-16 05:26:24.061,morning,Monday,24,Rain,7,750,normal
848,18,39.9631,-75.1259,2025-10-19 03:19:46.079,night,Monday,116,Fog,15,500,anomalous
849,12,39.9453,-75.157,2025-06-12 23:32:43.131,morning,Tuesday,91,Fog,21,500,anomalous
850,5,39.9328,-75.1826,2025-06-29 14:55:14.542,evening,Thursday,30,Clear,2,500,normal
851,4,39.9111,-75.1312,2025-08-31 01:54:42.610,evening,Wednesday,49,Cloudy,5,200,normal
852,10,39.9241,-75.1769,2025-10-24 05:11:05.975,morning,Friday,39,Cloudy,5,100,normal
853,8,39.9561,-75.2117,2025-03-16 18:19:12.798,night,Saturday,21,Cloudy,1,750,normal
854,16,39.9917,-75.2043,2025-05-20 14:30:23.116,night,Saturday,39,Cloudy,9,500,normal
855,11,39.9085,-75.1394,2025-06-17 01:17:33.078,evening,Thursday,27,Rain,6,100,normal
856,9,39.9609,-75.1446,2025-04-17 10:44:07.938,afternoon,Friday,100,Cloudy,20,200,anomalous
857,1,39.9848,-75.1299,2025-06-27 18:53:04.924,morning,Sunday,78,Rain,16,500,anomalous
858,12,39.9146,-75.1505,2024-11-10 20:21:51.192,afternoon,Tuesday,14,Snow,6,750,normal
859,15,39.9503,-75.2028,2025-03-29 22:16:21.587,afternoon,Saturday,28,Cloudy,8,300,normal
860,16,39.9681,-75.1753,2025-07-02 03:44:46.527,evening,Thursday,26,Snow,7,100,normal
861,15,39.9533,-75.144,2025-10-16 22:22:02.554,afternoon,Saturday,43,Clear,4,500,normal
862,17,39.9641,-75.2038,2025-01-21 09:56:50.962,afternoon,Monday,42,Clear,4,100,normal
863,9,39.9061,-75.1573,2025-09-20 19:00:18.962,afternoon,Saturday,20,Rain,10,300,normal
864,11,39.9784,-75.1343,2025-05-01 05:13:27.130,evening,Tuesday,47,Rain,13,500,normal
865,8,39.9981,-75.1432,2024-11-18 09:06:42.551,night,Tuesday,21,Clear,9,750,normal
866,9,39.9911,-75.1374,2025-09-24 12:03:47.848,evening,Monday,40,Cloudy,8,200,normal
867,8,39.9235,-75.1295,2025-04-26 02:06:42.617,afternoon,Saturday,43,Clear,2,200,normal
868,9,39.9123,-75.1455,2025-07-12 13:54:51.087,evening,Sunday,30,Clear,1,750,normal
869,16,39.9053,-75.2139,2025-04-15 12:52:46.579,night,Tuesday,21,Fog,6,500,normal
870,16,39.9795,-75.2011,2025-07-05 15:58:42.033,afternoon,Wednesday,116,Clear,14,100,anomalous
871,4,40.0003,-75.1449,2025-01-27 05:15:42.041,morning,Tuesday,39,Clear,7,200,normal
872,18,39.9473,-75.1863,2025-02-01 11:28:06.340,evening,Friday,86,Cloudy,18,100,anomalous
873,8,39.9764,-75.1573,2025-10-27 22:39:00.568,night,Tuesday,12,Snow,5,200,normal
874,5,39.9453,-75.1662,2025-10-10 03:47:23.627,evening,Wednesday,28,Clear,2,100,normal
875,17,39.9144,-75.1916,2025-02-26 21:22:23.324,night,Sunday,26,Fog,8,100,normal
876,4,39.9246,-75.1325,2025-03-09 10:44:32.382,night,Sunday,58,Rain,20,500,normal
877,9,39.9051,-75.1596,2025-06-19 15:42:12.230,evening,Saturday,34,Rain,10,500,normal
878,7,39.978,-75.1588,2025-03-25 16:10:31.456,evening,Sunday,36,Cloudy,10,200,normal
879,17,39.9216,-75.2038,2025-07-31 20:37:46.345,evening,Saturday,60,Rain,23,200,anomalous
880,10,39.9936,-75.2133,2025-01-17 08:42:18.047,evening,Tuesday,39,Snow,18,500,normal
881,8,39.954,-75.1979,2024-12-17 23:57:26.951,afternoon,Saturday,27,Clear,7,500,normal
882,3,39.9241,-75.1266,2024-12-14 16:58:49.404,afternoon,Tuesday,80,Cloudy,18,200,normal
883,13,39.9722,-75.1531,2025-03-20 19:39:53.694,morning,Friday,119,Cloudy,20,300,normal
884,8,39.9494,-75.1786,2025-08-05 03:59:37.772,afternoon,Monday,83,Rain,19,100,anomalous
885,15,39.9421,-75.1964,2025-03-13 19:59:27.181,evening,Sunday,47,Clear,10,500,normal
886,9,39.9558,-75.1636,2025-01-19 06:20:17.077,afternoon,Sunday,67,Rain,14,200,normal
887,4,39.9421,-75.1417,2025-10-30 10:00:06.706,afternoon,Tuesday,33,Clear,4,500,normal
888,2,39.9612,-75.1244,2025-07-25 03:22:18.109,night,Sunday,39,Clear,3,750,normal
889,15,39.9759,-75.1344,2025-10-12 08:04:12.460,morning,Friday,29,Clear,1,100,normal
890,12,39.9043,-75.136,2025-05-27 05:16:14.085,night,Sunday,41,Clear,2,750,normal
891,10,39.9797,-75.1944,2025-05-30 00:39:34.795,morning,Thursday,53,Clear,5,750,normal
892,12,40.0004,-75.1333,2025-01-15 17:36:58.052,evening,Monday,18,Rain,8,750,normal
893,14,39.9165,-75.1826,2025-09-22 03:38:13.266,afternoon,Sunday,66,Clear,15,100,normal
894,4,39.9813,-75.146,2025-05-24 12:41:20.893,morning,Saturday,39,Clear,4,750,normal
895,16,39.9572,-75.1692,2024-12-26 13:56:19.416,afternoon,Friday,90,Cloudy,21,100,anomalous
896,9,39.9926,-75.1354,2025-09-18 14:15:15.563,night,Friday,87,Clear,18,300,normal
897,9,39.9525,-75.1203,2025-02-16 03:27:32.298,afternoon,Thursday,53,Rain,9,750,normal
898,0,39.9864,-75.2148,2025-01-03 01:40:07.576,night,Friday,105,Clear,12,200,anomalous
899,8,39.9804,-75.1642,2025-05-28 15:23:03.900,evening,Wednesday,50,Clear,1,200,normal
900,7,39.9224,-75.1425,2025-04-07 15:22:26.100,evening,Wednesday,36,Clear,6,300,normal
901,8,39.9092,-75.1955,2025-04-24 06:48:32.230,afternoon,Wednesday,39,Clear,1,750,normal
902,7,39.9369,-75.2138,2025-02-18 02:36:37.451,morning,Wednesday,26,Cloudy,8,750,normal
903,18,39.9516,-75.1846,2024-11-10 11:55:53.265,night,Thursday,37,Clear,9,300,normal
904,1,39.9672,-75.1412,2025-02-15 09:53:34.278,morning,Thursday,33,Cloudy,5,500,normal
905,17,39.9282,-75.1483,2025-03-26 02:52:16.963,night,Tuesday,39,Cloudy,5,500,normal
906,15,39.9278,-75.1629,2025-07-03 09:10:15.794,afternoon,Saturday,111,Rain,12,200,anomalous
907,18,39.909,-75.213,2025-10-13 13:27:08.330,evening,Saturday,32,Clear,5,200,normal
908,7,39.9475,-75.2007,2025-02-17 09:37:46.270,afternoon,Thursday,83,Rain,22,750,anomalous
909,11,39.9453,-75.1665,2025-03-16 06:31:59.840,morning,Monday,58,Clear,17,100,normal
910,17,39.9044,-75.2147,2025-08-19 12:03:47.315,afternoon,Wednesday,35,Clear,10,750,normal
911,19,39.9871,-75.1876,2025-02-07 06:12:17.921,morning,Wednesday,23,Rain,3,100,normal
912,7,40.0005,-75.1658,2024-12-08 06:04:11.144,morning,Saturday,34,Cloudy,2,100,normal
913,15,39.9864,-75.1691,2025-10-28 01:08:37.189,night,Thursday,16,Fog,1,300,normal
914,10,39.9592,-75.1552,2025-09-12 13:00:49.519,evening,Monday,32,Clear,9,500,normal
915,14,39.9972,-75.1245,2025-07-17 12:44:15.922,night,Sunday,68,Rain,15,100,anomalous
916,11,39.9502,-75.1331,2025-10-02 07:47:01.644,evening,Thursday,75,Clear,17,300,anomalous
917,11,39.9907,-75.1891,2025-07-03 00:15:47.076,night,Monday,28,Clear,3,750,normal
918,12,39.9555,-75.1834,2025-08-13 17:57:22.693,afternoon,Saturday,32,Clear,6,500,normal
919,6,39.9589,-75.173,2025-01-05 00:42:10.126,night,Tuesday,30,Rain,1,500,normal
920,4,39.9907,-75.16,2025-08-13 20:46:53.863,night,Monday,20,Fog,1,300,normal
921,5,39.9034,-75.1749,2025-01-15 07:12:14.675,night,Monday,70,Rain,11,300,anomalous
922,18,39.9328,-75.1523,2024-12-03 06:40:16.039,night,Sunday,17,Rain,6,500,normal
923,4,39.969,-75.1708,2025-10-06 05:10:38.329,evening,Sunday,43,Clear,3,200,normal
924,13,39.9964,-75.2022,2025-05-12 20:02:32.517,night,Thursday,27,Cloudy,8,100,normal
925,15,39.9154,-75.1953,2025-02-22 22:55:03.789,night,Friday,57,Clear,20,500,normal
926,7,39.9672,-75.1772,2025-07-11 20:15:26.453,morning,Saturday,28,Rain,2,750,normal
927,1,39.9042,-75.1231,2025-03-14 06:47:49.016,night,Wednesday,44,Cloudy,2,200,normal
928,17,39.9923,-75.1897,2024-12-26 21:48:14.753,afternoon,Thursday,44,Clear,5,200,normal
929,14,39.9929,-75.1609,2024-12-05 17:00:09.683,afternoon,Sunday,110,Clear,19,200,anomalous
930,18,39.9727,-75.1746,2025-06-13 02:53:59.888,night,Sunday,91,Cloudy,16,300,anomalous
931,19,39.9651,-75.1854,2025-04-03 06:26:46.156,afternoon,Tuesday,32,Rain,9,200,normal
932,3,39.983,-75.1476,2025-08-29 17:57:10.942,morning,Friday,25,Rain,10,750,normal
933,10,39.9771,-75.1808,2025-03-18 02:56:32.837,evening,Thursday,62,Clear,22,750,anomalous
934,14,39.9773,-75.1897,2025-01-04 05:56:44.462,night,Monday,35,Clear,10,750,normal
935,3,39.9431,-75.177,2025-08-03 00:44:27.913,morning,Sunday,28,Cloudy,6,200,normal
936,6,39.9311,-75.1855,2025-02-13 03:56:37.610,night,Wednesday,71,Rain,9,750,normal
937,4,39.9499,-75.2046,2024-12-14 12:24:00.912,evening,Thursday,40,Clear,6,300,normal
938,1,39.966,-75.1385,2025-03-01 14:35:47.525,evening,Thursday,97,Clear,13,100,anomalous
939,11,39.9213,-75.189,2025-06-13 06:31:05.068,evening,Saturday,52,Clear,1,100,normal
940,4,39.9656,-75.1614,2025-06-06 13:03:45.748,night,Sunday,34,Clear,2,750,normal
941,5,39.9162,-75.1746,2024-12-22 08:23:06.164,night,Saturday,56,Clear,20,750,normal
942,11,39.9218,-75.1377,2025-09-14 13:03:44.681,evening,Wednesday,52,Clear,9,750,normal
943,17,39.9883,-75.1587,2025-07-11 21:58:06.668,afternoon,Monday,46,Clear,4,750,normal
944,13,39.938,-75.1855,2025-05-24 15:29:42.113,morning,Thursday,50,Cloudy,4,100,normal
945,14,39.9378,-75.1906,2025-05-08 06:53:21.621,afternoon,Tuesday,22,Snow,6,100,normal
946,19,39.9503,-75.205,2025-07-23 23:01:01.254,morning,Sunday,25,Rain,2,200,normal
947,0,39.9663,-75.2146,2025-03-05 20:37:41.311,afternoon,Sunday,68,Cloudy,20,200,normal
948,12,39.9122,-75.1856,2025-07-23 02:04:08.012,morning,Friday,25,Clear,6,750,normal
949,4,39.9947,-75.2056,2025-01-20 01:59:09.865,night,Sunday,28,Rain,2,500,normal
950,8,39.9101,-75.1901,2025-07-09 00:54:04.600,evening,Sunday,48,Clear,2,200,normal
951,19,40.002,-75.1252,2025-06-20 08:16:26.284,afternoon,Monday,46,Cloudy,7,200,normal
952,1,39.9708,-75.1501,2025-02-09 05:07:48.538,morning,Friday,51,Clear,2,200,normal
953,16,39.9931,-75.1563,2025-08-12 09:33:42.199,evening,Monday,45,Clear,5,300,normal
954,13,39.9962,-75.1932,2025-03-17 14:47:37.367,afternoon,Monday,31,Cloudy,9,100,normal
955,16,39.9536,-75.2031,2024-11-08 04:52:37.499,night,Saturday,21,Clear,3,100,normal
956,19,39.978,-75.2013,2025-05-26 07:55:00.350,morning,Monday,50,Clear,8,300,normal
957,0,39.9167,-75.1547,2025-06-29 02:45:10.453,evening,Sunday,27,Clear,7,500,normal
958,19,39.9745,-75.177,2024-12-10 19:10:03.100,morning,Friday,47,Clear,6,200,normal
959,18,39.9474,-75.1913,2025-04-15 22:08:18.616,afternoon,Monday,22,Rain,8,300,normal
960,19,39.9958,-75.1575,2025-05-06 13:50:58.618,afternoon,Thursday,32,Fog,9,200,normal
961,14,39.9378,-75.1702,2024-12-18 02:28:11.978,morning,Friday,79,Clear,20,100,anomalous
962,18,39.9888,-75.1962,2025-10-25 01:26:26.726,afternoon,Monday,31,Rain,9,500,normal
963,16,39.9066,-75.1943,2025-04-20 08:08:11.423,night,Saturday,18,Rain,8,300,normal
964,7,39.9303,-75.1642,2025-02-27 19:08:45.299,morning,Saturday,26,Snow,3,200,normal
965,2,40.0012,-75.2038,2025-06-01 18:03:35.794,night,Tuesday,36,Clear,2,750,normal
966,4,39.971,-75.1539,2024-12-20 14:57:08.214,afternoon,Friday,41,Cloudy,3,750,normal
967,1,39.9169,-75.1978,2025-03-01 00:54:45.857,afternoon,Monday,100,Rain,12,750,anomalous
968,15,39.938,-75.1433,2025-01-18 17:27:36.900,afternoon,Sunday,25,Rain,2,100,normal
969,7,39.9621,-75.1734,2025-04-11 21:40:41.802,evening,Monday,37,Rain,8,100,normal
970,0,39.921,-75.1579,2025-09-11 05:18:15.672,afternoon,Friday,45,Cloudy,4,300,normal
971,16,39.9244,-75.1243,2025-06-08 23:54:18.650,night,Tuesday,42,Clear,5,750,normal
972,17,39.9746,-75.1283,2025-10-19 10:44:25.976,afternoon,Tuesday,45,Clear,7,300,normal
973,2,39.9576,-75.176,2024-11-15 09:40:28.030,morning,Wednesday,29,Clear,1,200,normal
974,17,39.9741,-75.1773,2025-01-15 12:45:38.003,evening,Saturday,103,Cloudy,13,500,anomalous
975,6,39.9526,-75.2125,2025-06-09 13:34:02.179,night,Sunday,25,Fog,6,500,normal
976,6,39.9429,-75.1553,2025-06-15 08:20:39.055,morning,Friday,52,Clear,10,750,normal
977,18,39.9439,-75.1682,2025-10-28 07:52:30.729,evening,Saturday,54,Clear,7,100,normal
978,2,39.9607,-75.1323,2025-02-06 17:13:27.213,evening,Tuesday,41,Clear,5,200,normal
979,15,39.9291,-75.2006,2025-10-28 04:23:08.730,evening,Wednesday,54,Clear,5,100,normal
980,3,39.9124,-75.1699,2025-06-23 09:49:35.703,morning,Sunday,27,Rain,5,750,normal
981,13,39.9547,-75.1314,2025-02-04 05:41:17.437,evening,Monday,39,Clear,2,200,normal
982,5,39.9385,-75.1179,2025-03-18 14:41:27.924,night,Monday,43,Clear,5,750,normal
983,4,39.9335,-75.1308,2025-05-02 23:27:14.412,afternoon,Wednesday,33,Fog,8,300,normal
984,13,39.9628,-75.1274,2025-07-20 02:55:06.799,morning,Friday,46,Cloudy,10,200,normal
985,18,39.9336,-75.1559,2025-07-25 07:53:37.097,evening,Saturday,53,Clear,5,500,normal
986,4,39.9868,-75.1823,2025-09-09 21:20:51.343,morning,Sunday,28,Cloudy,9,750,normal
987,9,39.9874,-75.1803,2025-03-28 05:53:09.924,morning,Sunday,24,Rain,8,100,normal
988,7,39.9122,-75.1782,2024-12-06 16:13:35.693,evening,Thursday,15,Snow,7,300,normal
989,7,39.9223,-75.206,2025-10-07 20:11:17.608,evening,Friday,30,Rain,8,100,normal
990,6,39.9638,-75.1505,2025-04-20 10:43:12.675,afternoon,Thursday,35,Snow,5,100,normal
991,7,39.934,-75.1683,2025-09-04 21:53:41.391,evening,Wednesday,52,Cloudy,10,100,normal
992,14,39.9732,-75.1335,2025-10-05 00:44:36.874,evening,Saturday,26,Cloudy,2,200,normal
993,10,39.9533,-75.1468,2025-06-26 15:50:57.355,evening,Monday,36,Rain,4,300,normal
994,8,39.9892,-75.1481,2025-06-09 08:44:11.023,afternoon,Tuesday,89,Clear,14,500,anomalous
995,6,39.9216,-75.1155,2025-08-11 17:57:35.361,evening,Friday,101,Clear,22,100,anomalous
996,8,39.9661,-75.139,2025-09-22 18:25:24.568,evening,Friday,38,Rain,1,300,normal
997,6,39.918,-75.1957,2025-05-19 21:27:35.132,evening,Monday,36,Clear,6,500,normal
998,4,39.9246,-75.1566,2025-04-08 14:47:13.642,morning,Friday,101,Cloudy,24,300,anomalous
999,9,39.908,-75.1283,2025-08-11 15:23:31.309,morning,Saturday,39,Clear,5,100,normal
